[
    {
        "actionName": "Action",
        "steps": [
            {
                "stepId": "STEP11",
                "stepName": "Url: viewClaimModule",
                "infFile": "t14.inf",
                "time": 1716964380723
            },
            {
                "stepId": "STEP12",
                "stepName": "Url: requests",
                "infFile": "t16.inf",
                "time": 1716964381836
            },
            {
                "stepId": "STEP13",
                "stepName": "Url: events",
                "infFile": "t17.inf",
                "time": 1716964382233
            },
            {
                "stepId": "STEP14",
                "stepName": "Url: viewClaim",
                "infFile": "t18.inf",
                "time": 1716964383026
            },
            {
                "stepId": "STEP15",
                "stepName": "Url: requests_2",
                "infFile": "t20.inf",
                "time": 1716964384970
            },
            {
                "stepId": "STEP16",
                "stepName": "Url: events_2",
                "infFile": "t21.inf",
                "time": 1716964385486
            },
            {
                "stepId": "STEP17",
                "stepName": "Url: 3",
                "infFile": "t22.inf",
                "time": 1716964386204
            },
            {
                "stepId": "STEP18",
                "stepName": "Url: 3_2",
                "infFile": "t24.inf",
                "time": 1716964387563
            },
            {
                "stepId": "STEP19",
                "stepName": "Url: expenses",
                "infFile": "t25.inf",
                "time": 1716964388253
            },
            {
                "stepId": "STEP20",
                "stepName": "Url: attachments",
                "infFile": "t26.inf",
                "time": 1716964388752
            }
        ],
        "transactions": [
            {
                "transactionName": "HRM_MyClaims_03_Click_Claim",
                "rawStartTime": 1716964379479,
                "rawEndTime": 1716964382252,
                "thinkTime": 0.0,
                "wastedTime": 0.06264328956604004
            },
            {
                "transactionName": "HRM_MyClaims_04_myClaims",
                "rawStartTime": 1716964382299,
                "rawEndTime": 1716964385511,
                "thinkTime": 0.0,
                "wastedTime": 0.07319784164428711
            },
            {
                "transactionName": "HRM_MyClaims_05_view_Details",
                "rawStartTime": 1716964385560,
                "rawEndTime": 1716964388781,
                "thinkTime": 0.0,
                "wastedTime": 0.08268308639526367
            }
        ]
    }
]