[
    {
        "actionName": "vuser_end",
        "steps": [
            {
                "stepId": "STEP21",
                "stepName": "Url: logout",
                "infFile": "t27.inf",
                "time": 1716964389878
            }
        ],
        "transactions": [
            {
                "transactionName": "HRM_MyClaims_06_Logout",
                "rawStartTime": 1716964388843,
                "rawEndTime": 1716964389879,
                "thinkTime": 0.0,
                "wastedTime": 0.015275239944458008
            }
        ]
    }
]