[
    {
        "actionName": "vuser_init",
        "steps": [
            {
                "stepId": "STEP1",
                "stepName": "Url: opensource-demo.orangehrmlive.com",
                "infFile": "t3.inf",
                "time": 1716964368596
            },
            {
                "stepId": "STEP2",
                "stepName": "Submit Data: validate",
                "infFile": "t4.inf",
                "time": 1716964370962
            },
            {
                "stepId": "STEP3",
                "stepName": "Url: messages_2",
                "infFile": "t5.inf",
                "time": 1716964374333
            },
            {
                "stepId": "STEP4",
                "stepName": "Url: time-at-work",
                "infFile": "t6.inf",
                "time": 1716964375162
            },
            {
                "stepId": "STEP5",
                "stepName": "Url: action-summary",
                "infFile": "t7.inf",
                "time": 1716964375749
            },
            {
                "stepId": "STEP6",
                "stepName": "Url: shortcuts",
                "infFile": "t8.inf",
                "time": 1716964376386
            },
            {
                "stepId": "STEP7",
                "stepName": "Url: feed",
                "infFile": "t9.inf",
                "time": 1716964376908
            },
            {
                "stepId": "STEP8",
                "stepName": "Url: leaves",
                "infFile": "t10.inf",
                "time": 1716964377707
            },
            {
                "stepId": "STEP9",
                "stepName": "Url: subunit",
                "infFile": "t12.inf",
                "time": 1716964379046
            },
            {
                "stepId": "STEP10",
                "stepName": "Url: locations",
                "infFile": "t13.inf",
                "time": 1716964379429
            }
        ],
        "transactions": [
            {
                "transactionName": "HRM_MyClaims_01_Launch",
                "rawStartTime": 1716964365999,
                "rawEndTime": 1716964368596,
                "thinkTime": 0.0,
                "wastedTime": 0.21223044395446778
            },
            {
                "transactionName": "HRM_MyClaims_02_Login",
                "rawStartTime": 1716964368603,
                "rawEndTime": 1716964379430,
                "thinkTime": 0.0,
                "wastedTime": 0.20360732078552247
            }
        ]
    }
]