{"data":[{"id":12,"referenceId":"202405290000012","claimEvent":{"id":1,"name":"Accommodation"},"currencyType":{"id":"INR","name":"Indian Rupee"},"description":"This is a claim remark","status":"SUBMITTED","employee":{"empNumber":7,"firstName":"SriramRohit","lastName":"ValluSharma","middleName":"R","employeeId":"9422466145","terminationId":null},"amount":1000,"submittedDate":"2024-05-29"},{"id":11,"referenceId":"202405290000011","claimEvent":{"id":1,"name":"Accommodation"},"currencyType":{"id":"AFN","name":"Afghanistan Afghani"},"description":null,"status":"INITIATED","employee":{"empNumber":1,"firstName":"Orange","lastName":"Test","middleName":"","employeeId":"0001","terminationId":null},"amount":0,"submittedDate":null},{"id":10,"referenceId":"202405290000010","claimEvent":{"id":3,"name":"Travel Allowance"},"currencyType":{"id":"LAK","name":"Lao Kip"},"description":"You can use cy.pause() to pause the test at a specific point. This is useful if you want to manually inspect the state of the application at that point","status":"INITIATED","employee":{"empNumber":46,"firstName":"Ravi","lastName":"B","middleName":"M","employeeId":"3322","terminationId":null},"amount":0,"submittedDate":null},{"id":9,"referenceId":"202405290000009","claimEvent":{"id":3,"name":"Travel Allowance"},"currencyType":{"id":"LAK","name":"Lao Kip"},"description":"You can use cy.pause() to pause the test at a specific point. This is useful if you want to manually inspect the state of the application at that point","status":"INITIATED","employee":{"empNumber":46,"firstName":"Ravi","lastName":"B","middleName":"M","employeeId":"3322","terminationId":null},"amount":0,"submittedDate":null},{"id":8,"referenceId":"202405290000008","claimEvent":{"id":3,"name":"Travel Allowance"},"currencyType":{"id":"LAK","name":"Lao Kip"},"description":"You can use cy.pause() to pause the test at a specific point. This is useful if you want to manually inspect the state of the application at that point","status":"INITIATED","employee":{"empNumber":46,"firstName":"Ravi","lastName":"B","middleName":"M","employeeId":"3322","terminationId":null},"amount":0,"submittedDate":null},{"id":7,"referenceId":"202405290000007","claimEvent":{"id":1,"name":"Accommodation"},"currencyType":{"id":"AFN","name":"Afghanistan Afghani"},"description":null,"status":"INITIATED","employee":{"empNumber":1,"firstName":"Orange","lastName":"Test","middleName":"","employeeId":"0001","terminationId":null},"amount":23114,"submittedDate":null},{"id":3,"referenceId":"202307180000003","claimEvent":{"id":3,"name":"Travel Allowance"},"currencyType":{"id":"DZD","name":"Algerian Dinar"},"description":null,"status":"SUBMITTED","employee":{"empNumber":7,"firstName":"SriramRohit","lastName":"ValluSharma","middleName":"R","employeeId":"9422466145","terminationId":null},"amount":7300.3199999999997,"submittedDate":"2023-07-18"},{"id":2,"referenceId":"202307180000002","claimEvent":{"id":2,"name":"Medical Reimbursement"},"currencyType":{"id":"CAD","name":"Canadian Dollar"},"description":null,"status":"SUBMITTED","employee":{"empNumber":7,"firstName":"SriramRohit","lastName":"ValluSharma","middleName":"R","employeeId":"9422466145","terminationId":null},"amount":1250.1199999999999,"submittedDate":"2023-07-18"},{"id":1,"referenceId":"202307180000001","claimEvent":{"id":1,"name":"Accommodation"},"currencyType":{"id":"AFN","name":"Afghanistan Afghani"},"description":null,"status":"INITIATED","employee":{"empNumber":7,"firstName":"SriramRohit","lastName":"ValluSharma","middleName":"R","employeeId":"9422466145","terminationId":null},"amount":0,"submittedDate":null}],"meta":{"total":9},"rels":[]}