{"data":[{"id":27,"post":{"id":25},"type":"text","liked":false,"text":"Hi Good morning to Everyone!","employee":{"empNumber":7,"lastName":"ValluSharma","firstName":"SriramRohit","middleName":"R","employeeId":"9422466145","terminationId":null},"stats":{"numOfLikes":0,"numOfComments":0,"numOfShares":0},"createdDate":"2024-05-29","createdTime":"06:32","originalPost":null,"permission":{"canUpdate":true,"canDelete":true}},{"id":26,"post":{"id":24},"type":"text","liked":true,"text":"Hai Again","employee":{"empNumber":7,"lastName":"ValluSharma","firstName":"SriramRohit","middleName":"R","employeeId":"9422466145","terminationId":null},"stats":{"numOfLikes":1,"numOfComments":0,"numOfShares":0},"createdDate":"2024-05-29","createdTime":"06:32","originalPost":null,"permission":{"canUpdate":true,"canDelete":true}},{"id":19,"post":{"id":17},"type":"text","liked":true,"text":"Hai Again","employee":{"empNumber":7,"lastName":"ValluSharma","firstName":"SriramRohit","middleName":"R","employeeId":"9422466145","terminationId":null},"stats":{"numOfLikes":1,"numOfComments":0,"numOfShares":0},"createdDate":"2024-05-29","createdTime":"05:42","originalPost":null,"permission":{"canUpdate":true,"canDelete":true}},{"id":18,"post":{"id":16},"type":"text","liked":true,"text":"Hai Again","employee":{"empNumber":7,"lastName":"ValluSharma","firstName":"SriramRohit","middleName":"R","employeeId":"9422466145","terminationId":null},"stats":{"numOfLikes":1,"numOfComments":0,"numOfShares":0},"createdDate":"2024-05-29","createdTime":"05:32","originalPost":null,"permission":{"canUpdate":true,"canDelete":true}},{"id":17,"post":{"id":15},"type":"text","liked":true,"text":"Hai Again","employee":{"empNumber":7,"lastName":"ValluSharma","firstName":"SriramRohit","middleName":"R","employeeId":"9422466145","terminationId":null},"stats":{"numOfLikes":1,"numOfComments":0,"numOfShares":0},"createdDate":"2024-05-29","createdTime":"05:32","originalPost":null,"permission":{"canUpdate":true,"canDelete":true}}],"meta":{"total":12},"rels":[]}