{"data":[{"workDay":{"id":"1","day":"Mon","date":"2024-05-27"},"totalTime":{"hours":0,"minutes":0}},{"workDay":{"id":"2","day":"Tue","date":"2024-05-28"},"totalTime":{"hours":5,"minutes":6}},{"workDay":{"id":"3","day":"Wed","date":"2024-05-29"},"totalTime":{"hours":0,"minutes":0}},{"workDay":{"id":"4","day":"Thu","date":"2024-05-30"},"totalTime":{"hours":0,"minutes":0}},{"workDay":{"id":"5","day":"Fri","date":"2024-05-31"},"totalTime":{"hours":0,"minutes":0}},{"workDay":{"id":"6","day":"Sat","date":"2024-06-01"},"totalTime":{"hours":0,"minutes":0}},{"workDay":{"id":"0","day":"Sun","date":"2024-06-02"},"totalTime":{"hours":0,"minutes":0}}],"meta":{"lastAction":{"state":"PUNCHED OUT","utcDate":"2024-05-28","utcTime":"15:36","userDate":"2024-05-28","userTime":"22:36","timezoneOffset":"7"},"currentDay":{"currentDate":{"date":"2024-05-28","label":"May 28"},"totalTime":{"hours":17,"minutes":21}},"currentWeek":{"startDate":{"date":"2024-05-27","label":"May 27"},"endDate":{"date":"2024-06-02","label":"Jun 02"},"totalTime":{"hours":5,"minutes":6}},"currentUser":{"empNumber":7,"firstName":"vishvSuvetha","middleName":"KumarJayagopi","lastName":"PatelP","terminationId":null}},"rels":[]}