{"data":[{"id":57,"post":{"id":55},"type":"text","liked":true,"text":"Hai Again","employee":{"empNumber":7,"lastName":"PatelP","firstName":"vishvSuvetha","middleName":"KumarJayagopi","employeeId":"51000","terminationId":null},"stats":{"numOfLikes":1,"numOfComments":0,"numOfShares":0},"createdDate":"2024-05-28","createdTime":"10:52","originalPost":null,"permission":{"canUpdate":true,"canDelete":true}},{"id":56,"post":{"id":54},"type":"text","liked":true,"text":"Hai Again","employee":{"empNumber":7,"lastName":"PatelP","firstName":"vishvSuvetha","middleName":"KumarJayagopi","employeeId":"51000","terminationId":null},"stats":{"numOfLikes":1,"numOfComments":0,"numOfShares":0},"createdDate":"2024-05-28","createdTime":"10:42","originalPost":null,"permission":{"canUpdate":true,"canDelete":true}},{"id":55,"post":{"id":53},"type":"text","liked":false,"text":"jxgfkfjx","employee":{"empNumber":7,"lastName":"PatelP","firstName":"vishvSuvetha","middleName":"KumarJayagopi","employeeId":"51000","terminationId":null},"stats":{"numOfLikes":0,"numOfComments":0,"numOfShares":0},"createdDate":"2024-05-28","createdTime":"10:23","originalPost":null,"permission":{"canUpdate":true,"canDelete":true}},{"id":54,"post":{"id":52},"type":"text","liked":false,"text":"gkddkcck","employee":{"empNumber":7,"lastName":"PatelP","firstName":"vishvSuvetha","middleName":"KumarJayagopi","employeeId":"51000","terminationId":null},"stats":{"numOfLikes":0,"numOfComments":0,"numOfShares":0},"createdDate":"2024-05-28","createdTime":"10:20","originalPost":null,"permission":{"canUpdate":true,"canDelete":true}},{"id":53,"post":{"id":51},"type":"text","liked":false,"text":"Corrupti aut repudiandae eius.","employee":{"empNumber":7,"lastName":"PatelP","firstName":"vishvSuvetha","middleName":"KumarJayagopi","employeeId":"51000","terminationId":null},"stats":{"numOfLikes":0,"numOfComments":0,"numOfShares":0},"createdDate":"2024-05-28","createdTime":"10:18","originalPost":null,"permission":{"canUpdate":true,"canDelete":true}}],"meta":{"total":46},"rels":[]}