[
    {
        "actionName": "Action",
        "steps": [
            {
                "stepId": "STEP11",
                "stepName": "Url: viewTimeModule",
                "infFile": "t14.inf",
                "time": 1716964525262
            },
            {
                "stepId": "STEP12",
                "stepName": "Url: list",
                "infFile": "t17.inf",
                "time": 1716964528622
            },
            {
                "stepId": "STEP13",
                "stepName": "Url: 7_3",
                "infFile": "t19.inf",
                "time": 1716964530318
            },
            {
                "stepId": "STEP14",
                "stepName": "Url: default",
                "infFile": "t21.inf",
                "time": 1716964533392
            }
        ],
        "transactions": [
            {
                "transactionName": "HRM_Time_03_Click_Time",
                "rawStartTime": 1716964523779,
                "rawEndTime": 1716964529666,
                "thinkTime": 0.0,
                "wastedTime": 0.0756843090057373
            },
            {
                "transactionName": "HRM_Time_04_Click_View",
                "rawStartTime": 1716964529713,
                "rawEndTime": 1716964533416,
                "thinkTime": 0.0,
                "wastedTime": 0.04523277282714844
            }
        ]
    }
]