[
    {
        "actionName": "vuser_end",
        "steps": [
            {
                "stepId": "STEP15",
                "stepName": "Url: logout",
                "infFile": "t22.inf",
                "time": 1716964534993
            }
        ],
        "transactions": [
            {
                "transactionName": "HRM_View_Info_05_Logout",
                "rawStartTime": 1716964533476,
                "rawEndTime": 1716964534996,
                "thinkTime": 0.0,
                "wastedTime": 0.01737356185913086
            }
        ]
    }
]