[
    {
        "actionName": "vuser_init",
        "steps": [
            {
                "stepId": "STEP1",
                "stepName": "Url: opensource-demo.orangehrmlive.com",
                "infFile": "t3.inf",
                "time": 1716964502810
            },
            {
                "stepId": "STEP2",
                "stepName": "Submit Data: validate",
                "infFile": "t4.inf",
                "time": 1716964505250
            },
            {
                "stepId": "STEP3",
                "stepName": "Url: messages_2",
                "infFile": "t5.inf",
                "time": 1716964513497
            },
            {
                "stepId": "STEP4",
                "stepName": "Url: time-at-work",
                "infFile": "t6.inf",
                "time": 1716964514752
            },
            {
                "stepId": "STEP5",
                "stepName": "Url: action-summary",
                "infFile": "t7.inf",
                "time": 1716964515737
            },
            {
                "stepId": "STEP6",
                "stepName": "Url: shortcuts",
                "infFile": "t8.inf",
                "time": 1716964516497
            },
            {
                "stepId": "STEP7",
                "stepName": "Url: feed",
                "infFile": "t9.inf",
                "time": 1716964517984
            },
            {
                "stepId": "STEP8",
                "stepName": "Url: leaves",
                "infFile": "t10.inf",
                "time": 1716964519079
            },
            {
                "stepId": "STEP9",
                "stepName": "Url: subunit",
                "infFile": "t12.inf",
                "time": 1716964522179
            },
            {
                "stepId": "STEP10",
                "stepName": "Url: locations",
                "infFile": "t13.inf",
                "time": 1716964523691
            }
        ],
        "transactions": [
            {
                "transactionName": "HRM_Time_01_Launch",
                "rawStartTime": 1716964499185,
                "rawEndTime": 1716964502810,
                "thinkTime": 0.0,
                "wastedTime": 0.17487430572509767
            },
            {
                "transactionName": "HRM_Time_02_Login",
                "rawStartTime": 1716964502815,
                "rawEndTime": 1716964523692,
                "thinkTime": 0.0,
                "wastedTime": 0.20759248733520509
            }
        ]
    }
]