{"data":[{"id":265,"employee":{"empNumber":69,"lastName":"Akunuri","firstName":"Ranga","middleName":"","terminationId":null},"status":{"id":"SUBMITTED","name":"Submitted"},"startDate":"2024-05-27","endDate":"2024-06-02"},{"id":260,"employee":{"empNumber":7,"lastName":"Bond","firstName":"James","middleName":"The Killer","terminationId":null},"status":{"id":"SUBMITTED","name":"Submitted"},"startDate":"2023-01-16","endDate":"2023-01-22"},{"id":259,"employee":{"empNumber":7,"lastName":"Bond","firstName":"James","middleName":"The Killer","terminationId":null},"status":{"id":"SUBMITTED","name":"Submitted"},"startDate":"2022-08-15","endDate":"2022-08-21"},{"id":40,"employee":{"empNumber":7,"lastName":"Bond","firstName":"James","middleName":"The Killer","terminationId":null},"status":{"id":"SUBMITTED","name":"Submitted"},"startDate":"2020-09-14","endDate":"2020-09-20"}],"meta":{"total":4},"rels":[]}