{"data":[{"workDay":{"id":"1","day":"Mon","date":"2024-05-27"},"totalTime":{"hours":24,"minutes":0}},{"workDay":{"id":"2","day":"Tue","date":"2024-05-28"},"totalTime":{"hours":24,"minutes":0}},{"workDay":{"id":"3","day":"Wed","date":"2024-05-29"},"totalTime":{"hours":12,"minutes":3}},{"workDay":{"id":"4","day":"Thu","date":"2024-05-30"},"totalTime":{"hours":0,"minutes":0}},{"workDay":{"id":"5","day":"Fri","date":"2024-05-31"},"totalTime":{"hours":0,"minutes":0}},{"workDay":{"id":"6","day":"Sat","date":"2024-06-01"},"totalTime":{"hours":0,"minutes":0}},{"workDay":{"id":"0","day":"Sun","date":"2024-06-02"},"totalTime":{"hours":0,"minutes":0}}],"meta":{"lastAction":{"state":"PUNCHED OUT","utcDate":"2024-05-29","utcTime":"06:33","userDate":"2024-05-29","userTime":"12:03","timezoneOffset":"5.5"},"currentDay":{"currentDate":{"date":"2024-05-29","label":"May 29"},"totalTime":{"hours":24,"minutes":8}},"currentWeek":{"startDate":{"date":"2024-05-27","label":"May 27"},"endDate":{"date":"2024-06-02","label":"Jun 02"},"totalTime":{"hours":60,"minutes":3}},"currentUser":{"empNumber":7,"firstName":"SriramRohitRohit","middleName":"RR","lastName":"ValluSharmaSharma","terminationId":null}},"rels":[]}