[
    {
        "actionName": "Action",
        "steps": [
            {
                "stepId": "STEP11",
                "stepName": "Url: viewMyDetails",
                "infFile": "t14.inf",
                "time": 1716963493602
            },
            {
                "stepId": "STEP12",
                "stepName": "Url: 7_3",
                "infFile": "t16.inf",
                "time": 1716963496137
            },
            {
                "stepId": "STEP13",
                "stepName": "Url: attachments",
                "infFile": "t17.inf",
                "time": 1716963496808
            },
            {
                "stepId": "STEP14",
                "stepName": "Url: personal-details",
                "infFile": "t18.inf",
                "time": 1716963497357
            },
            {
                "stepId": "STEP15",
                "stepName": "Url: custom-fields",
                "infFile": "t19.inf",
                "time": 1716963498217
            },
            {
                "stepId": "STEP16",
                "stepName": "Url: employees",
                "infFile": "t20.inf",
                "time": 1716963499434
            }
        ],
        "transactions": [
            {
                "transactionName": "HRM_View_Info_03_MyInfo",
                "rawStartTime": 1716963490834,
                "rawEndTime": 1716963499453,
                "thinkTime": 0.0,
                "wastedTime": 0.09263992309570313
            }
        ]
    }
]