[
    {
        "actionName": "vuser_end",
        "steps": [
            {
                "stepId": "STEP17",
                "stepName": "Url: logout",
                "infFile": "t21.inf",
                "time": 1716963500544
            }
        ],
        "transactions": [
            {
                "transactionName": "HRM_View_Info_04_Logout",
                "rawStartTime": 1716963499500,
                "rawEndTime": 1716963500546,
                "thinkTime": 0.0,
                "wastedTime": 0.01492166519165039
            }
        ]
    }
]