[
    {
        "actionName": "vuser_init",
        "steps": [
            {
                "stepId": "STEP1",
                "stepName": "Url: opensource-demo.orangehrmlive.com",
                "infFile": "t3.inf",
                "time": 1716963461468
            },
            {
                "stepId": "STEP2",
                "stepName": "Submit Data: validate",
                "infFile": "t4.inf",
                "time": 1716963464150
            },
            {
                "stepId": "STEP3",
                "stepName": "Url: messages_2",
                "infFile": "t5.inf",
                "time": 1716963473883
            },
            {
                "stepId": "STEP4",
                "stepName": "Url: time-at-work",
                "infFile": "t6.inf",
                "time": 1716963474944
            },
            {
                "stepId": "STEP5",
                "stepName": "Url: action-summary",
                "infFile": "t7.inf",
                "time": 1716963475552
            },
            {
                "stepId": "STEP6",
                "stepName": "Url: shortcuts",
                "infFile": "t8.inf",
                "time": 1716963476191
            },
            {
                "stepId": "STEP7",
                "stepName": "Url: feed",
                "infFile": "t9.inf",
                "time": 1716963476716
            },
            {
                "stepId": "STEP8",
                "stepName": "Url: leaves",
                "infFile": "t10.inf",
                "time": 1716963480901
            },
            {
                "stepId": "STEP9",
                "stepName": "Url: subunit",
                "infFile": "t12.inf",
                "time": 1716963489660
            },
            {
                "stepId": "STEP10",
                "stepName": "Url: locations",
                "infFile": "t13.inf",
                "time": 1716963490745
            }
        ],
        "transactions": [
            {
                "transactionName": "HRM_View_Info_01_Launch",
                "rawStartTime": 1716963457324,
                "rawEndTime": 1716963461468,
                "thinkTime": 0.0,
                "wastedTime": 0.28870081901550295
            },
            {
                "transactionName": "HRM_View_Info_02_Login",
                "rawStartTime": 1716963461477,
                "rawEndTime": 1716963490746,
                "thinkTime": 0.0,
                "wastedTime": 0.17513203620910645
            }
        ]
    }
]