{"data":[{"empNumber":104,"lastName":"010Z","firstName":"A8DCo","middleName":"4Ys","employeeId":"0312","terminationId":null},{"empNumber":86,"lastName":"5TlV","firstName":"99N75","middleName":"425","employeeId":"0295","terminationId":null},{"empNumber":136,"lastName":"90jsnd","firstName":"yedghjb1","middleName":"ru84","employeeId":"09876","terminationId":null},{"empNumber":199,"lastName":"Ahamed","firstName":"Istiak","middleName":"","employeeId":"0403","terminationId":null},{"empNumber":69,"lastName":"Akunuri","firstName":"Ranga","middleName":"","employeeId":"0277","terminationId":null},{"empNumber":95,"lastName":"Amiano","firstName":"Timothy","middleName":"Lewis","employeeId":"0039","terminationId":null},{"empNumber":3,"lastName":"Anderson","firstName":"Peter","middleName":"Mac","employeeId":"0007","terminationId":null},{"empNumber":196,"lastName":"asda","firstName":"asda","middleName":"","employeeId":"0400","terminationId":null},{"empNumber":46,"lastName":"B","firstName":"Ravi","middleName":"M","employeeId":"3322","terminationId":null},{"empNumber":116,"lastName":"Brown","firstName":"Amelia","middleName":"","employeeId":"01715","terminationId":null},{"empNumber":160,"lastName":"Butler","firstName":"James","middleName":"","employeeId":"0365","terminationId":null},{"empNumber":113,"lastName":"Carter","firstName":"Charles","middleName":"","employeeId":"0320","terminationId":null},{"empNumber":96,"lastName":"Das","firstName":"Rahul","middleName":"","employeeId":"0304","terminationId":null},{"empNumber":101,"lastName":"Das","firstName":"Rahul","middleName":"","employeeId":"123","terminationId":null},{"empNumber":99,"lastName":"Das","firstName":"Rahul","middleName":"","employeeId":"kkt","terminationId":null},{"empNumber":98,"lastName":"Das","firstName":"Rahul","middleName":"","employeeId":null,"terminationId":null},{"empNumber":97,"lastName":"Das","firstName":"Rahul","middleName":"","employeeId":null,"terminationId":null},{"empNumber":206,"lastName":"dfdfgd","firstName":"dfdfdf","middleName":"","employeeId":"0410","terminationId":null},{"empNumber":211,"lastName":"dfdfgd","firstName":"dfdfdf","middleName":"","employeeId":"0415","terminationId":null},{"empNumber":210,"lastName":"dfdfgd","firstName":"dfdfdf","middleName":"","employeeId":"0414","terminationId":null},{"empNumber":94,"lastName":"dulvin","firstName":"savina","middleName":"dulvin","employeeId":"0303029900","terminationId":null},{"empNumber":84,"lastName":"dulvin","firstName":"savina","middleName":"dulvin","employeeId":"0293029900","terminationId":null},{"empNumber":82,"lastName":"dulvin","firstName":"savina","middleName":"dulvin","employeeId":"0291029900","terminationId":null},{"empNumber":156,"lastName":"Evans","firstName":"Joseph","middleName":"","employeeId":"0361","terminationId":null},{"empNumber":166,"lastName":"Exemple","firstName":"John","middleName":"","employeeId":"0370","terminationId":null},{"empNumber":165,"lastName":"Exemple","firstName":"John","middleName":"","employeeId":"0369","terminationId":null},{"empNumber":163,"lastName":"Exemple","firstName":"John","middleName":"","employeeId":"0367","terminationId":null},{"empNumber":169,"lastName":"Exemple","firstName":"John","middleName":"","employeeId":"0373","terminationId":null},{"empNumber":168,"lastName":"Exemple","firstName":"John","middleName":"","employeeId":"0372","terminationId":null},{"empNumber":167,"lastName":"Exemple","firstName":"John","middleName":"","employeeId":"0371","terminationId":null},{"empNumber":58,"lastName":"g","firstName":"savi","middleName":"N","employeeId":"0266","terminationId":null},{"empNumber":188,"lastName":"gjghj","firstName":"Ganu","middleName":"","employeeId":"0392","terminationId":null},{"empNumber":176,"lastName":"Green","firstName":"Eva","middleName":"","employeeId":"0380","terminationId":null},{"empNumber":161,"lastName":"Gupta","firstName":"Radha","middleName":"","employeeId":"0366","terminationId":null},{"empNumber":194,"lastName":"h","firstName":"uewdyuwge","middleName":"","employeeId":"435","terminationId":null},{"empNumber":9,"lastName":"Hamilton","firstName":"Russel","middleName":"","employeeId":"0034","terminationId":null},{"empNumber":177,"lastName":"Haris","firstName":"Frank","middleName":"","employeeId":"0381","terminationId":null},{"empNumber":11,"lastName":"Harmony","firstName":"Rebecca","middleName":"","employeeId":"0042","terminationId":null},{"empNumber":83,"lastName":"hbfqkhjfqbhbfqkhjfqb","firstName":"bmrtahvwhibmrtahvwhi","middleName":"","employeeId":"0292","terminationId":null},{"empNumber":204,"lastName":"hgfh","firstName":"gftgh","middleName":"gfh","employeeId":"0408","terminationId":null},{"empNumber":91,"lastName":"hgfkag","firstName":"Sagar","middleName":"hag","employeeId":"0300","terminationId":null},{"empNumber":135,"lastName":"hh","firstName":"hh","middleName":"","employeeId":"0315hh","terminationId":null},{"empNumber":70,"lastName":"hzzdyzwxmwhzzdyzwxmw","firstName":"uehwadquzwuehwadquzw","middleName":"","employeeId":"0279","terminationId":null},{"empNumber":81,"lastName":"ibuvlwtfsfibuvlwtfsf","firstName":"dhbrukkuzldhbrukkuzl","middleName":"","employeeId":"0290","terminationId":null},{"empNumber":172,"lastName":"Johnson","firstName":"Alice ","middleName":"","employeeId":"0376","terminationId":null},{"empNumber":118,"lastName":"Jones","firstName":"Emily","middleName":"","employeeId":"09557","terminationId":null},{"empNumber":186,"lastName":"KngNboQgRe","firstName":"NedrsQQtXA","middleName":"","employeeId":"0390","terminationId":null},{"empNumber":39,"lastName":"Kohli","firstName":"Virat","middleName":"","employeeId":"0249","terminationId":null},{"empNumber":187,"lastName":"kotiyannn","firstName":"arpithaaa","middleName":"","employeeId":"0391","terminationId":null},{"empNumber":200,"lastName":"kotiyannn","firstName":"arpithaaa","middleName":"","employeeId":"0404","terminationId":null}],"meta":{"total":137},"rels":[]}