{"data":[{"id":75,"post":{"id":52},"type":"text","liked":true,"text":"Hai Again","employee":{"empNumber":7,"lastName":"Raj","firstName":"Vimal","middleName":"Deva","employeeId":"sameer.123","terminationId":null},"stats":{"numOfLikes":1,"numOfComments":0,"numOfShares":0},"createdDate":"2024-05-27","createdTime":"16:32","originalPost":null,"permission":{"canUpdate":true,"canDelete":true}},{"id":74,"post":{"id":51},"type":"text","liked":true,"text":"Hai Again","employee":{"empNumber":7,"lastName":"Raj","firstName":"Vimal","middleName":"Deva","employeeId":"sameer.123","terminationId":null},"stats":{"numOfLikes":1,"numOfComments":0,"numOfShares":0},"createdDate":"2024-05-27","createdTime":"16:22","originalPost":null,"permission":{"canUpdate":true,"canDelete":true}},{"id":73,"post":{"id":50},"type":"text","liked":true,"text":"Hai Again","employee":{"empNumber":7,"lastName":"Raj","firstName":"Vimal","middleName":"Deva","employeeId":"sameer.123","terminationId":null},"stats":{"numOfLikes":1,"numOfComments":0,"numOfShares":0},"createdDate":"2024-05-27","createdTime":"16:12","originalPost":null,"permission":{"canUpdate":true,"canDelete":true}},{"id":71,"post":{"id":49},"type":"text","liked":false,"text":"Joline","employee":{"empNumber":7,"lastName":"Raj","firstName":"Vimal","middleName":"Deva","employeeId":"sameer.123","terminationId":null},"stats":{"numOfLikes":0,"numOfComments":0,"numOfShares":0},"createdDate":"2024-05-27","createdTime":"16:04","originalPost":null,"permission":{"canUpdate":true,"canDelete":true}},{"id":70,"post":{"id":35},"type":"text","liked":true,"text":"Omar","employee":{"empNumber":7,"lastName":"Raj","firstName":"Vimal","middleName":"Deva","employeeId":"sameer.123","terminationId":null},"stats":{"numOfLikes":1,"numOfComments":0,"numOfShares":null},"createdDate":"2024-05-27","createdTime":"16:04","originalPost":{"text":"Evangeline","employee":{"empNumber":7,"lastName":"Raj","firstName":"Vimal","middleName":"Deva","employeeId":"sameer.123","terminationId":null},"createdDate":"2024-05-27","createdTime":"15:51"},"permission":{"canUpdate":true,"canDelete":true}}],"meta":{"total":59},"rels":[]}