{"data":[{"id":27,"referenceId":"202405270000027","claimEvent":{"id":5,"name":"Ashlyn"},"currencyType":{"id":"INR","name":"Indian Rupee"},"description":null,"status":"INITIATED","employee":{"empNumber":174,"firstName":"Reenu","lastName":"Desai","middleName":"","employeeId":"0377","terminationId":null},"amount":0,"submittedDate":null},{"id":26,"referenceId":"202405270000026","claimEvent":{"id":7,"name":"Luigi"},"currencyType":{"id":"LAK","name":"Lao Kip"},"description":"You can use cy.pause() to pause the test at a specific point. This is useful if you want to manually inspect the state of the application at that point","status":"INITIATED","employee":{"empNumber":46,"firstName":"Ravi","lastName":"B","middleName":"M","employeeId":"3322","terminationId":null},"amount":0,"submittedDate":null},{"id":25,"referenceId":"202405270000025","claimEvent":{"id":2,"name":"Medical Reimbursement"},"currencyType":{"id":"USD","name":"United States Dollar"},"description":"Testing","status":"INITIATED","employee":{"empNumber":7,"firstName":"Vimal","lastName":"Raj","middleName":"Deva","employeeId":"sameer.123","terminationId":null},"amount":0,"submittedDate":null},{"id":24,"referenceId":"202405270000024","claimEvent":{"id":1,"name":"Accommodation"},"currencyType":{"id":"INR","name":"Indian Rupee"},"description":"Testing","status":"INITIATED","employee":{"empNumber":7,"firstName":"Vimal","lastName":"Raj","middleName":"Deva","employeeId":"sameer.123","terminationId":null},"amount":0,"submittedDate":null},{"id":23,"referenceId":"202405270000023","claimEvent":{"id":2,"name":"Medical Reimbursement"},"currencyType":{"id":"USD","name":"United States Dollar"},"description":"Danielle","status":"INITIATED","employee":{"empNumber":7,"firstName":"Vimal","lastName":"Raj","middleName":"Deva","employeeId":"sameer.123","terminationId":null},"amount":0,"submittedDate":null},{"id":22,"referenceId":"202405270000022","claimEvent":{"id":2,"name":"Medical Reimbursement"},"currencyType":{"id":"USD","name":"United States Dollar"},"description":"Testing","status":"INITIATED","employee":{"empNumber":7,"firstName":"Vimal","lastName":"Raj","middleName":"Deva","employeeId":"sameer.123","terminationId":null},"amount":0,"submittedDate":null},{"id":21,"referenceId":"202405270000021","claimEvent":{"id":1,"name":"Accommodation"},"currencyType":{"id":"INR","name":"Indian Rupee"},"description":"Testing","status":"INITIATED","employee":{"empNumber":7,"firstName":"Vimal","lastName":"Raj","middleName":"Deva","employeeId":"sameer.123","terminationId":null},"amount":0,"submittedDate":null},{"id":20,"referenceId":"202405270000020","claimEvent":{"id":2,"name":"Medical Reimbursement"},"currencyType":{"id":"USD","name":"United States Dollar"},"description":"Arthur","status":"INITIATED","employee":{"empNumber":7,"firstName":"Vimal","lastName":"Raj","middleName":"Deva","employeeId":"sameer.123","terminationId":null},"amount":0,"submittedDate":null},{"id":19,"referenceId":"202405270000019","claimEvent":{"id":2,"name":"Medical Reimbursement"},"currencyType":{"id":"USD","name":"United States Dollar"},"description":"Testing","status":"INITIATED","employee":{"empNumber":7,"firstName":"Vimal","lastName":"Raj","middleName":"Deva","employeeId":"sameer.123","terminationId":null},"amount":0,"submittedDate":null},{"id":18,"referenceId":"202405270000018","claimEvent":{"id":1,"name":"Accommodation"},"currencyType":{"id":"INR","name":"Indian Rupee"},"description":"Testing","status":"INITIATED","employee":{"empNumber":7,"firstName":"Vimal","lastName":"Raj","middleName":"Deva","employeeId":"sameer.123","terminationId":null},"amount":0,"submittedDate":null},{"id":17,"referenceId":"202405270000017","claimEvent":{"id":2,"name":"Medical Reimbursement"},"currencyType":{"id":"USD","name":"United States Dollar"},"description":"Cheryll","status":"INITIATED","employee":{"empNumber":7,"firstName":"Vimal","lastName":"Raj","middleName":"Deva","employeeId":"sameer.123","terminationId":null},"amount":0,"submittedDate":null},{"id":16,"referenceId":"202405270000016","claimEvent":{"id":2,"name":"Medical Reimbursement"},"currencyType":{"id":"USD","name":"United States Dollar"},"description":"Lyle","status":"INITIATED","employee":{"empNumber":7,"firstName":"Vimal","lastName":"Raj","middleName":"Deva","employeeId":"sameer.123","terminationId":null},"amount":0,"submittedDate":null},{"id":15,"referenceId":"202405270000015","claimEvent":{"id":2,"name":"Medical Reimbursement"},"currencyType":{"id":"USD","name":"United States Dollar"},"description":"Testing","status":"INITIATED","employee":{"empNumber":7,"firstName":"Vimal","lastName":"Raj","middleName":"Deva","employeeId":"sameer.123","terminationId":null},"amount":0,"submittedDate":null},{"id":14,"referenceId":"202405270000014","claimEvent":{"id":1,"name":"Accommodation"},"currencyType":{"id":"INR","name":"Indian Rupee"},"description":"Testing","status":"INITIATED","employee":{"empNumber":7,"firstName":"Vimal","lastName":"Raj","middleName":"Deva","employeeId":"sameer.123","terminationId":null},"amount":0,"submittedDate":null},{"id":13,"referenceId":"202405270000013","claimEvent":{"id":2,"name":"Medical Reimbursement"},"currencyType":{"id":"USD","name":"United States Dollar"},"description":"Quinn","status":"INITIATED","employee":{"empNumber":7,"firstName":"Vimal","lastName":"Raj","middleName":"Deva","employeeId":"sameer.123","terminationId":null},"amount":0,"submittedDate":null},{"id":12,"referenceId":"202405270000012","claimEvent":{"id":2,"name":"Medical Reimbursement"},"currencyType":{"id":"ARS","name":"Argentine Peso"},"description":"Claim request raised","status":"INITIATED","employee":{"empNumber":90,"firstName":"bala","lastName":"ravi","middleName":"kumar","employeeId":"0303","terminationId":null},"amount":45000,"submittedDate":null},{"id":11,"referenceId":"202405270000011","claimEvent":{"id":2,"name":"Medical Reimbursement"},"currencyType":{"id":"ARS","name":"Argentine Peso"},"description":"Claim request raised","status":"INITIATED","employee":{"empNumber":90,"firstName":"bala","lastName":"ravi","middleName":"kumar","employeeId":"0303","terminationId":null},"amount":45000,"submittedDate":null},{"id":10,"referenceId":"202405270000010","claimEvent":{"id":2,"name":"Medical Reimbursement"},"currencyType":{"id":"ARS","name":"Argentine Peso"},"description":"Claim request raised","status":"INITIATED","employee":{"empNumber":90,"firstName":"bala","lastName":"ravi","middleName":"kumar","employeeId":"0303","terminationId":null},"amount":45000,"submittedDate":null},{"id":9,"referenceId":"202405270000009","claimEvent":{"id":2,"name":"Medical Reimbursement"},"currencyType":{"id":"ARS","name":"Argentine Peso"},"description":"Claim request raised","status":"INITIATED","employee":{"empNumber":90,"firstName":"bala","lastName":"ravi","middleName":"kumar","employeeId":"0303","terminationId":null},"amount":45000,"submittedDate":null},{"id":8,"referenceId":"202405270000008","claimEvent":{"id":2,"name":"Medical Reimbursement"},"currencyType":{"id":"ARS","name":"Argentine Peso"},"description":"Claim request raised","status":"INITIATED","employee":{"empNumber":90,"firstName":"bala","lastName":"ravi","middleName":"kumar","employeeId":"0303","terminationId":null},"amount":45000,"submittedDate":null},{"id":7,"referenceId":"202405270000007","claimEvent":{"id":2,"name":"Medical Reimbursement"},"currencyType":{"id":"ARS","name":"Argentine Peso"},"description":"Claim request raised","status":"INITIATED","employee":{"empNumber":90,"firstName":"bala","lastName":"ravi","middleName":"kumar","employeeId":"0303","terminationId":null},"amount":45000,"submittedDate":null},{"id":3,"referenceId":"202307180000003","claimEvent":{"id":3,"name":"Travel Allowance"},"currencyType":{"id":"DZD","name":"Algerian Dinar"},"description":null,"status":"SUBMITTED","employee":{"empNumber":7,"firstName":"Vimal","lastName":"Raj","middleName":"Deva","employeeId":"sameer.123","terminationId":null},"amount":7300.3199999999997,"submittedDate":"2023-07-18"},{"id":2,"referenceId":"202307180000002","claimEvent":{"id":2,"name":"Medical Reimbursement"},"currencyType":{"id":"CAD","name":"Canadian Dollar"},"description":null,"status":"SUBMITTED","employee":{"empNumber":7,"firstName":"Vimal","lastName":"Raj","middleName":"Deva","employeeId":"sameer.123","terminationId":null},"amount":1250.1199999999999,"submittedDate":"2023-07-18"},{"id":1,"referenceId":"202307180000001","claimEvent":{"id":1,"name":"Accommodation"},"currencyType":{"id":"AFN","name":"Afghanistan Afghani"},"description":null,"status":"INITIATED","employee":{"empNumber":7,"firstName":"Vimal","lastName":"Raj","middleName":"Deva","employeeId":"sameer.123","terminationId":null},"amount":1401.74,"submittedDate":null}],"meta":{"total":24},"rels":[]}