{"data":[{"empNumber":276,"lastName":"Bernhard","firstName":"Felisa","middleName":"Mozella Rowe Nolan","employeeId":null,"terminationId":null},{"empNumber":174,"lastName":"Desai","firstName":"Reenu","middleName":"","employeeId":"0377","terminationId":null},{"empNumber":94,"lastName":"dulvin","firstName":"savina","middleName":"dulvin","employeeId":"0303029900","terminationId":null},{"empNumber":84,"lastName":"dulvin","firstName":"savina","middleName":"dulvin","employeeId":"0293029900","terminationId":null},{"empNumber":82,"lastName":"dulvin","firstName":"savina","middleName":"dulvin","employeeId":"0291029900","terminationId":null},{"empNumber":216,"lastName":"Ebert","firstName":"Samira","middleName":"Mallory Hirthe Volkman","employeeId":null,"terminationId":null},{"empNumber":58,"lastName":"g","firstName":"savi","middleName":"N","employeeId":"0266","terminationId":null},{"empNumber":175,"lastName":"Gowarkar","firstName":"Sachin","middleName":"","employeeId":"0379","terminationId":null},{"empNumber":251,"lastName":"Harvey","firstName":"Rolf","middleName":"Rosanna Lockman Gutmann III","employeeId":null,"terminationId":null},{"empNumber":91,"lastName":"hgfkag","firstName":"Sagar","middleName":"hag","employeeId":"0300","terminationId":null},{"empNumber":207,"lastName":"Kilback","firstName":"Johnetta","middleName":"Mrs. Salvatore Hand Cartwright","employeeId":null,"terminationId":null},{"empNumber":248,"lastName":"Koch","firstName":"Antoine","middleName":"Rosario McDermott McKenzie","employeeId":null,"terminationId":null},{"empNumber":80,"lastName":"n","firstName":"savi","middleName":"g","employeeId":"0289","terminationId":null},{"empNumber":62,"lastName":"n","firstName":"savi","middleName":"N","employeeId":"0271","terminationId":null},{"empNumber":61,"lastName":"n","firstName":"savi","middleName":"g","employeeId":"0270","terminationId":null},{"empNumber":109,"lastName":"Pagac","firstName":"Rosanna","middleName":"Ryan","employeeId":"0315b","terminationId":null},{"empNumber":291,"lastName":"Patil","firstName":"Prasad","middleName":"Sunil","employeeId":"0494","terminationId":null},{"empNumber":212,"lastName":"Predovic","firstName":"Rocky","middleName":"Samuel Schaden Kilback","employeeId":null,"terminationId":null},{"empNumber":7,"lastName":"Raj","firstName":"Vimal","middleName":"Deva","employeeId":"sameer.123","terminationId":null},{"empNumber":299,"lastName":"Sangita","firstName":"Sharmistha","middleName":"","employeeId":"05011","terminationId":null},{"empNumber":295,"lastName":"Sangita","firstName":"Sharmistha","middleName":"","employeeId":"0498","terminationId":null},{"empNumber":282,"lastName":"Schmeler","firstName":"Long","middleName":"Dane King Lebsack","employeeId":null,"terminationId":null},{"empNumber":22,"lastName":"Shaheen","firstName":"Sania","middleName":"","employeeId":"0087","terminationId":null},{"empNumber":263,"lastName":"Simonis","firstName":"Quincy","middleName":"Miss Rossana Champlin Brown","employeeId":null,"terminationId":null},{"empNumber":26,"lastName":"Tencrady","firstName":"Sara","middleName":"","employeeId":"0103","terminationId":null}],"meta":{"total":25},"rels":[]}