{"data":[{"id":20,"post":{"id":18},"type":"text","liked":true,"text":"Hai Again","employee":{"empNumber":7,"lastName":"Vishwakarma","firstName":"Praveen","middleName":"","employeeId":"12345678","terminationId":null},"stats":{"numOfLikes":1,"numOfComments":0,"numOfShares":0},"createdDate":"2024-05-28","createdTime":"05:22","originalPost":null,"permission":{"canUpdate":true,"canDelete":true}},{"id":19,"post":{"id":17},"type":"text","liked":true,"text":"Hai Again","employee":{"empNumber":7,"lastName":"Vishwakarma","firstName":"Praveen","middleName":"","employeeId":"12345678","terminationId":null},"stats":{"numOfLikes":1,"numOfComments":0,"numOfShares":0},"createdDate":"2024-05-28","createdTime":"05:13","originalPost":null,"permission":{"canUpdate":true,"canDelete":true}},{"id":18,"post":{"id":16},"type":"text","liked":true,"text":"Hai Again","employee":{"empNumber":7,"lastName":"Vishwakarma","firstName":"Praveen","middleName":"","employeeId":"12345678","terminationId":null},"stats":{"numOfLikes":1,"numOfComments":0,"numOfShares":0},"createdDate":"2024-05-28","createdTime":"05:12","originalPost":null,"permission":{"canUpdate":true,"canDelete":true}},{"id":16,"post":{"id":14},"type":"text","liked":true,"text":"Hai Again","employee":{"empNumber":7,"lastName":"Vishwakarma","firstName":"Praveen","middleName":"","employeeId":"12345678","terminationId":null},"stats":{"numOfLikes":1,"numOfComments":0,"numOfShares":0},"createdDate":"2024-05-28","createdTime":"05:02","originalPost":null,"permission":{"canUpdate":true,"canDelete":true}},{"id":10,"post":{"id":9},"type":"text","liked":false,"text":"Hi All;\r\n\r\nLinda has been blessed with a baby boy!\r\n\r\n\r\n\r\nLinda: With love, we welcome your dear new baby to this world. Congratulations!","employee":{"empNumber":7,"lastName":"Vishwakarma","firstName":"Praveen","middleName":"","employeeId":"12345678","terminationId":null},"stats":{"numOfLikes":0,"numOfComments":0,"numOfShares":0},"createdDate":"2020-10-08","createdTime":"03:38","originalPost":null,"permission":{"canUpdate":true,"canDelete":true}}],"meta":{"total":8},"rels":[]}