{"data":[{"empNumber":104,"lastName":"010Z","firstName":"A8DCo","middleName":"4Ys","employeeId":"0312","terminationId":null},{"empNumber":128,"lastName":"444444","firstName":"123445","middleName":"34","employeeId":"dfgsjsjdh","terminationId":null},{"empNumber":86,"lastName":"5TlV","firstName":"99N75","middleName":"425","employeeId":"0295","terminationId":null},{"empNumber":136,"lastName":"90jsnd","firstName":"yedghjb1","middleName":"ru84","employeeId":"09876","terminationId":null},{"empNumber":69,"lastName":"Akunuri","firstName":"Ranga","middleName":"","employeeId":"0277","terminationId":null},{"empNumber":95,"lastName":"Amiano","firstName":"Timothy","middleName":"Lewis","employeeId":"0039","terminationId":null},{"empNumber":3,"lastName":"Anderson","firstName":"Peter","middleName":"Mac","employeeId":"0007","terminationId":null},{"empNumber":46,"lastName":"B","firstName":"Ravi","middleName":"M","employeeId":"3322","terminationId":null},{"empNumber":116,"lastName":"Brown","firstName":"Amelia","middleName":"","employeeId":"01715","terminationId":null},{"empNumber":160,"lastName":"Butler","firstName":"James","middleName":"","employeeId":"0365","terminationId":null},{"empNumber":113,"lastName":"Carter","firstName":"Charles","middleName":"","employeeId":"0320","terminationId":null},{"empNumber":99,"lastName":"Das","firstName":"Rahul","middleName":"","employeeId":"kkt","terminationId":null},{"empNumber":98,"lastName":"Das","firstName":"Rahul","middleName":"","employeeId":null,"terminationId":null},{"empNumber":97,"lastName":"Das","firstName":"Rahul","middleName":"","employeeId":null,"terminationId":null},{"empNumber":96,"lastName":"Das","firstName":"Rahul","middleName":"","employeeId":"0304","terminationId":null},{"empNumber":101,"lastName":"Das","firstName":"Rahul","middleName":"","employeeId":"123","terminationId":null},{"empNumber":94,"lastName":"dulvin","firstName":"savina","middleName":"dulvin","employeeId":"0303029900","terminationId":null},{"empNumber":84,"lastName":"dulvin","firstName":"savina","middleName":"dulvin","employeeId":"0293029900","terminationId":null},{"empNumber":82,"lastName":"dulvin","firstName":"savina","middleName":"dulvin","employeeId":"0291029900","terminationId":null},{"empNumber":156,"lastName":"Evans","firstName":"Joseph","middleName":"","employeeId":"0361","terminationId":null},{"empNumber":58,"lastName":"g","firstName":"savi","middleName":"N","employeeId":"0266","terminationId":null},{"empNumber":161,"lastName":"Gupta","firstName":"Radha","middleName":"","employeeId":"0366","terminationId":null},{"empNumber":9,"lastName":"Hamilton","firstName":"Russel","middleName":"","employeeId":"0034","terminationId":null},{"empNumber":11,"lastName":"Harmony","firstName":"Rebecca","middleName":"","employeeId":"0042","terminationId":null},{"empNumber":83,"lastName":"hbfqkhjfqbhbfqkhjfqb","firstName":"bmrtahvwhibmrtahvwhi","middleName":"","employeeId":"0292","terminationId":null},{"empNumber":91,"lastName":"hgfkag","firstName":"Sagar","middleName":"hag","employeeId":"0300","terminationId":null},{"empNumber":135,"lastName":"hh","firstName":"hh","middleName":"","employeeId":"0315hh","terminationId":null},{"empNumber":70,"lastName":"hzzdyzwxmwhzzdyzwxmw","firstName":"uehwadquzwuehwadquzw","middleName":"","employeeId":"0279","terminationId":null},{"empNumber":81,"lastName":"ibuvlwtfsfibuvlwtfsf","firstName":"dhbrukkuzldhbrukkuzl","middleName":"","employeeId":"0290","terminationId":null},{"empNumber":165,"lastName":"ik","firstName":"kl","middleName":"","employeeId":"0369","terminationId":null},{"empNumber":166,"lastName":"jadhav","firstName":"anju","middleName":"ramu","employeeId":"123456","terminationId":null},{"empNumber":118,"lastName":"Jones","firstName":"Emily","middleName":"","employeeId":"09557","terminationId":null},{"empNumber":163,"lastName":"Kadam","firstName":"Pravin","middleName":"","employeeId":"0367","terminationId":null},{"empNumber":39,"lastName":"Kohli","firstName":"Virat","middleName":"","employeeId":"0249","terminationId":null},{"empNumber":111,"lastName":"L","firstName":"Tristan","middleName":"","employeeId":"0318","terminationId":null},{"empNumber":112,"lastName":"latha","firstName":"sree","middleName":"hema","employeeId":"0319","terminationId":null},{"empNumber":137,"lastName":"LName","firstName":"Qwerty","middleName":"Qwerty","employeeId":"1234","terminationId":null},{"empNumber":157,"lastName":"LName","firstName":"FName","middleName":"Mname","employeeId":"1235","terminationId":null},{"empNumber":52,"lastName":"lszuvmchnilszuvmchni","firstName":"rkbqaoxdhzrkbqaoxdhz","middleName":"","employeeId":"0261","terminationId":null},{"empNumber":140,"lastName":"ltdyyf","firstName":"ftndlm","middleName":"","employeeId":"ATPValue","terminationId":null},{"empNumber":153,"lastName":"ltpugr","firstName":"ftioiu","middleName":"","employeeId":"ATPValue","terminationId":null},{"empNumber":139,"lastName":"ltpugr","firstName":"ftioiu","middleName":"","employeeId":"ATPValue","terminationId":null},{"empNumber":149,"lastName":"ltpugr","firstName":"ftioiu","middleName":"","employeeId":"ATPValue","terminationId":null},{"empNumber":141,"lastName":"ltpugr","firstName":"ftioiu","middleName":"","employeeId":"ATPValue","terminationId":null},{"empNumber":145,"lastName":"ltpzkj","firstName":"ftpjte","middleName":"","employeeId":"ATPValue","terminationId":null},{"empNumber":146,"lastName":"ltrhtm","firstName":"fthyfv","middleName":"","employeeId":"ATPValue","terminationId":null},{"empNumber":127,"lastName":"ltsxgy","firstName":"ftdkux","middleName":"","employeeId":"ATPValue","terminationId":null},{"empNumber":147,"lastName":"ltwrrt","firstName":"fthnvn","middleName":"","employeeId":"ATPValue","terminationId":null},{"empNumber":148,"lastName":"ltwrrt","firstName":"fthnvn","middleName":"","employeeId":"ATPValue","terminationId":null},{"empNumber":152,"lastName":"ltzbbp","firstName":"ftyseo","middleName":"","employeeId":"ATPValue","terminationId":null}],"meta":{"total":101},"rels":[]}