{
  "FilterHeaders": [
    {
      "Header": "user-agent",
      "IncludeInScript": false
    },
    {
      "Header": "upgrade-insecure-requests",
      "IncludeInScript": true
    },
    {
      "Header": "sec-fetch-user",
      "IncludeInScript": true
    },
    {
      "Header": "sec-fetch-site",
      "IncludeInScript": true
    },
    {
      "Header": "sec-fetch-mode",
      "IncludeInScript": true
    },
    {
      "Header": "sec-fetch-dest",
      "IncludeInScript": true
    },
    {
      "Header": "sec-ch-ua-platform",
      "IncludeInScript": true
    },
    {
      "Header": "sec-ch-ua-mobile",
      "IncludeInScript": true
    },
    {
      "Header": "sec-ch-ua",
      "IncludeInScript": true
    },
    {
      "Header": "origin",
      "IncludeInScript": true
    },
    {
      "Header": "if-none-match",
      "IncludeInScript": false
    },
    {
      "Header": "contenttype",
      "IncludeInScript": true
    },
    {
      "Header": "cache-control",
      "IncludeInScript": false
    },
    {
      "Header": "accept-language",
      "IncludeInScript": false
    },
    {
      "Header": "accept-encoding",
      "IncludeInScript": false
    },
    {
      "Header": "accept",
      "IncludeInScript": false
    }
  ],
  "FilterResources": [
    {
      "IsNonResource": true,
      "type": "text/html"
    },
    {
      "IsNonResource": false,
      "type": "text/css"
    },
    {
      "IsNonResource": false,
      "type": "image/vnd.microsoft.icon"
    },
    {
      "IsNonResource": false,
      "type": "image/svg+xml"
    },
    {
      "IsNonResource": false,
      "type": "image/png"
    },
    {
      "IsNonResource": false,
      "type": "image/jpeg"
    },
    {
      "IsNonResource": true,
      "type": "application/json"
    },
    {
      "IsNonResource": false,
      "type": "application/javascript"
    }
  ],
  "GeneralInfo": {
    "BrowserVersion": "",
    "IsWinInetMode": false,
    "MaxUsedConnections": 6,
    "RecordedBrowser": "c:\\program files (x86)\\microsoft\\edge\\application\\msedge.exe",
    "RecordingDate": "May-27-2024",
    "RecordingDuration": 198750,
    "RecordingMode": "N/A",
    "RecordingTimeStamp": 1716827545,
    "RecordingType": "Application",
    "TotalBytesReceived": 4487216,
    "TotalBytesSent": 38536,
    "TotalRequests": 49,
    "UserAgent": "Crashpad/0.8.0 WinHTTP/10.0.22621.3527 Windows_NT/10.0.22621.3527 (x64)"
  },
  "HostInfo": [
    {
      "DomainName": "orangehrmlive.com",
      "Domains": [
        {
          "HTTPVersion": "HTTP/1.1",
          "IP": "78.136.60.48",
          "IncludeInScript": true,
          "Name": "opensource-demo.orangehrmlive.com",
          "Port": 443,
          "Requests": [
            {
              "CompressionType": "",
              "DataType": "",
              "DownloadTime": 282,
              "EventId": 1424,
              "HttpStatus": 304,
              "Size": 0,
              "URL": "https://opensource-demo.orangehrmlive.com/web/index.php/core/i18n/messages"
            },
            {
              "CompressionType": "",
              "DataType": "text/html",
              "DownloadTime": 328,
              "EventId": 1422,
              "HttpStatus": 200,
              "Size": 3473,
              "URL": "https://opensource-demo.orangehrmlive.com/web/index.php/auth/login"
            },
            {
              "CompressionType": "",
              "DataType": "text/html",
              "DownloadTime": 266,
              "EventId": 1420,
              "HttpStatus": 302,
              "Size": 510,
              "URL": "https://opensource-demo.orangehrmlive.com/web/index.php/auth/logout"
            },
            {
              "CompressionType": "",
              "DataType": "application/json",
              "DownloadTime": 391,
              "EventId": 1418,
              "HttpStatus": 200,
              "Size": 1850,
              "URL": "https://opensource-demo.orangehrmlive.com/web/index.php/api/v2/leave/holidays?fromDate=2024-01-01&toDate=2024-12-31"
            },
            {
              "CompressionType": "",
              "DataType": "application/json",
              "DownloadTime": 437,
              "EventId": 1416,
              "HttpStatus": 200,
              "Size": 5990,
              "URL": "https://opensource-demo.orangehrmlive.com/web/index.php/api/v2/pim/employees"
            },
            {
              "CompressionType": "",
              "DataType": "application/json",
              "DownloadTime": 453,
              "EventId": 1414,
              "HttpStatus": 200,
              "Size": 72,
              "URL": "https://opensource-demo.orangehrmlive.com/web/index.php/api/v2/leave/workweek?model=indexed"
            },
            {
              "CompressionType": "",
              "DataType": "application/json",
              "DownloadTime": 406,
              "EventId": 1410,
              "HttpStatus": 200,
              "Size": 1850,
              "URL": "https://opensource-demo.orangehrmlive.com/web/index.php/api/v2/leave/holidays?fromDate=2024-01-01&toDate=2024-12-31"
            },
            {
              "CompressionType": "",
              "DataType": "application/json",
              "DownloadTime": 703,
              "EventId": 1408,
              "HttpStatus": 200,
              "Size": 285,
              "URL": "https://opensource-demo.orangehrmlive.com/web/index.php/api/v2/pim/employees/7/custom-fields?screen=personal"
            },
            {
              "CompressionType": "",
              "DataType": "application/json",
              "DownloadTime": 609,
              "EventId": 1406,
              "HttpStatus": 200,
              "Size": 343,
              "URL": "https://opensource-demo.orangehrmlive.com/web/index.php/api/v2/pim/employees/7/personal-details"
            },
            {
              "CompressionType": "",
              "DataType": "application/json",
              "DownloadTime": 531,
              "EventId": 1404,
              "HttpStatus": 200,
              "Size": 72,
              "URL": "https://opensource-demo.orangehrmlive.com/web/index.php/api/v2/leave/workweek?model=indexed"
            },
            {
              "CompressionType": "",
              "DataType": "application/json",
              "DownloadTime": 406,
              "EventId": 1402,
              "HttpStatus": 200,
              "Size": 475,
              "URL": "https://opensource-demo.orangehrmlive.com/web/index.php/api/v2/pim/employees/7/screen/personal/attachments?limit=50&offset=0"
            },
            {
              "CompressionType": "",
              "DataType": "application/json",
              "DownloadTime": 406,
              "EventId": 1400,
              "HttpStatus": 200,
              "Size": 152,
              "URL": "https://opensource-demo.orangehrmlive.com/web/index.php/api/v2/pim/employees/7"
            },
            {
              "CompressionType": "",
              "DataType": "",
              "DownloadTime": 485,
              "EventId": 1398,
              "HttpStatus": 304,
              "Size": 0,
              "URL": "https://opensource-demo.orangehrmlive.com/web/index.php/pim/viewPhoto/empNumber/7"
            },
            {
              "CompressionType": "",
              "DataType": "",
              "DownloadTime": 297,
              "EventId": 1394,
              "HttpStatus": 304,
              "Size": 0,
              "URL": "https://opensource-demo.orangehrmlive.com/web/index.php/core/i18n/messages"
            },
            {
              "CompressionType": "",
              "DataType": "text/html",
              "DownloadTime": 609,
              "EventId": 1391,
              "HttpStatus": 200,
              "Size": 20786,
              "URL": "https://opensource-demo.orangehrmlive.com/web/index.php/pim/viewPersonalDetails/empNumber/7"
            },
            {
              "CompressionType": "",
              "DataType": "text/html",
              "DownloadTime": 359,
              "EventId": 1389,
              "HttpStatus": 302,
              "Size": 610,
              "URL": "https://opensource-demo.orangehrmlive.com/web/index.php/pim/viewMyDetails"
            },
            {
              "CompressionType": "",
              "DataType": "application/json",
              "DownloadTime": 500,
              "EventId": 1378,
              "HttpStatus": 200,
              "Size": 218,
              "URL": "https://opensource-demo.orangehrmlive.com/web/index.php/api/v2/dashboard/employees/locations"
            },
            {
              "CompressionType": "",
              "DataType": "application/json",
              "DownloadTime": 407,
              "EventId": 1376,
              "HttpStatus": 200,
              "Size": 324,
              "URL": "https://opensource-demo.orangehrmlive.com/web/index.php/api/v2/dashboard/employees/subunit"
            },
            {
              "CompressionType": "",
              "DataType": "text/html",
              "DownloadTime": 297,
              "EventId": 1374,
              "HttpStatus": 200,
              "Size": 0,
              "URL": "https://opensource-demo.orangehrmlive.com/web/index.php/events/push"
            },
            {
              "CompressionType": "",
              "DataType": "application/json",
              "DownloadTime": 516,
              "EventId": 1372,
              "HttpStatus": 200,
              "Size": 66,
              "URL": "https://opensource-demo.orangehrmlive.com/web/index.php/api/v2/dashboard/employees/leaves?date=2024-05-28"
            },
            {
              "CompressionType": "",
              "DataType": "application/json",
              "DownloadTime": 437,
              "EventId": 1370,
              "HttpStatus": 200,
              "Size": 2104,
              "URL": "https://opensource-demo.orangehrmlive.com/web/index.php/api/v2/buzz/feed?limit=5&offset=0&sortOrder=DESC&sortField=share.createdAtUtc"
            },
            {
              "CompressionType": "",
              "DataType": "application/json",
              "DownloadTime": 344,
              "EventId": 1368,
              "HttpStatus": 200,
              "Size": 183,
              "URL": "https://opensource-demo.orangehrmlive.com/web/index.php/api/v2/dashboard/shortcuts"
            },
            {
              "CompressionType": "",
              "DataType": "",
              "DownloadTime": 344,
              "EventId": 1364,
              "HttpStatus": 200,
              "Size": 26800,
              "URL": "https://opensource-demo.orangehrmlive.com/web/dist/fonts/nunito-sans-v6-latin-ext_latin-italic.woff2"
            },
            {
              "CompressionType": "",
              "DataType": "",
              "DownloadTime": 328,
              "EventId": 1361,
              "HttpStatus": 200,
              "Size": 25592,
              "URL": "https://opensource-demo.orangehrmlive.com/web/dist/fonts/nunito-sans-v6-latin-ext_latin-300.woff2"
            },
            {
              "CompressionType": "",
              "DataType": "",
              "DownloadTime": 328,
              "EventId": 1359,
              "HttpStatus": 200,
              "Size": 26312,
              "URL": "https://opensource-demo.orangehrmlive.com/web/dist/fonts/nunito-sans-v6-latin-ext_latin-700.woff2"
            },
            {
              "CompressionType": "",
              "DataType": "application/json",
              "DownloadTime": 547,
              "EventId": 1356,
              "HttpStatus": 200,
              "Size": 159,
              "URL": "https://opensource-demo.orangehrmlive.com/web/index.php/api/v2/dashboard/employees/action-summary"
            },
            {
              "CompressionType": "",
              "DataType": "application/json",
              "DownloadTime": 469,
              "EventId": 1331,
              "HttpStatus": 200,
              "Size": 1178,
              "URL": "https://opensource-demo.orangehrmlive.com/web/index.php/api/v2/dashboard/employees/time-at-work?timezoneOffset=5.5&currentDate=2024-05-28&currentTime=10:59"
            },
            {
              "CompressionType": "",
              "DataType": "image/jpeg",
              "DownloadTime": 484,
              "EventId": 1328,
              "HttpStatus": 200,
              "Size": 16256,
              "URL": "https://opensource-demo.orangehrmlive.com/web/index.php/pim/viewPhoto/empNumber/7"
            },
            {
              "CompressionType": "",
              "DataType": "image/png",
              "DownloadTime": 312,
              "EventId": 1320,
              "HttpStatus": 200,
              "Size": 41913,
              "URL": "https://opensource-demo.orangehrmlive.com/web/images/dashboard_empty_widget_watermark.png"
            },
            {
              "CompressionType": "",
              "DataType": "image/png",
              "DownloadTime": 265,
              "EventId": 1318,
              "HttpStatus": 200,
              "Size": 2680,
              "URL": "https://opensource-demo.orangehrmlive.com/web/images/orangehrm-logo.png?v=1711595107870"
            },
            {
              "CompressionType": "",
              "DataType": "image/png",
              "DownloadTime": 297,
              "EventId": 1314,
              "HttpStatus": 200,
              "Size": 16559,
              "URL": "https://opensource-demo.orangehrmlive.com/web/images/orange.png?v=1711595107870"
            },
            {
              "CompressionType": "",
              "DataType": "",
              "DownloadTime": 343,
              "EventId": 1268,
              "HttpStatus": 304,
              "Size": 0,
              "URL": "https://opensource-demo.orangehrmlive.com/web/index.php/core/i18n/messages"
            },
            {
              "CompressionType": "",
              "DataType": "text/html",
              "DownloadTime": 360,
              "EventId": 1262,
              "HttpStatus": 200,
              "Size": 6631,
              "URL": "https://opensource-demo.orangehrmlive.com/web/index.php/dashboard/index"
            },
            {
              "CompressionType": "",
              "DataType": "text/html",
              "DownloadTime": 640,
              "EventId": 1260,
              "HttpStatus": 302,
              "Size": 530,
              "URL": "https://opensource-demo.orangehrmlive.com/web/index.php/auth/validate"
            },
            {
              "CompressionType": "",
              "DataType": "",
              "DownloadTime": 328,
              "EventId": 1215,
              "HttpStatus": 200,
              "Size": 25820,
              "URL": "https://opensource-demo.orangehrmlive.com/web/dist/fonts/nunito-sans-v6-latin-ext_latin-600.woff2"
            },
            {
              "CompressionType": "",
              "DataType": "",
              "DownloadTime": 328,
              "EventId": 1213,
              "HttpStatus": 200,
              "Size": 121296,
              "URL": "https://opensource-demo.orangehrmlive.com/web/dist/fonts/bootstrap-icons.woff2"
            },
            {
              "CompressionType": "",
              "DataType": "",
              "DownloadTime": 312,
              "EventId": 1211,
              "HttpStatus": 200,
              "Size": 25884,
              "URL": "https://opensource-demo.orangehrmlive.com/web/dist/fonts/nunito-sans-v6-latin-ext_latin-regular.woff2"
            },
            {
              "CompressionType": "",
              "DataType": "",
              "DownloadTime": 297,
              "EventId": 1182,
              "HttpStatus": 200,
              "Size": 25780,
              "URL": "https://opensource-demo.orangehrmlive.com/web/dist/fonts/nunito-sans-v6-latin-ext_latin-800.woff2"
            },
            {
              "CompressionType": "",
              "DataType": "image/png",
              "DownloadTime": 344,
              "EventId": 1180,
              "HttpStatus": 200,
              "Size": 324441,
              "URL": "https://opensource-demo.orangehrmlive.com/web/images/ohrm_logo.png"
            },
            {
              "CompressionType": "",
              "DataType": "image/svg+xml",
              "DownloadTime": 172,
              "EventId": 1177,
              "HttpStatus": 200,
              "Size": 289,
              "URL": "https://opensource-demo.orangehrmlive.com/web/dist/img/blob.svg"
            },
            {
              "CompressionType": "",
              "DataType": "image/png",
              "DownloadTime": 187,
              "EventId": 1175,
              "HttpStatus": 200,
              "Size": 30411,
              "URL": "https://opensource-demo.orangehrmlive.com/web/images/ohrm_branding.png?v=1711595107870"
            },
            {
              "CompressionType": "",
              "DataType": "application/json",
              "DownloadTime": 687,
              "EventId": 1159,
              "HttpStatus": 200,
              "Size": 100873,
              "URL": "https://opensource-demo.orangehrmlive.com/web/index.php/core/i18n/messages"
            },
            {
              "CompressionType": "",
              "DataType": "image/vnd.microsoft.icon",
              "DownloadTime": 234,
              "EventId": 1150,
              "HttpStatus": 200,
              "Size": 564,
              "URL": "https://opensource-demo.orangehrmlive.com/web/dist/favicon.ico?v=1711595107870"
            },
            {
              "CompressionType": "",
              "DataType": "application/javascript",
              "DownloadTime": 360,
              "EventId": 909,
              "HttpStatus": 200,
              "Size": 1491093,
              "URL": "https://opensource-demo.orangehrmlive.com/web/dist/js/app.js?v=1711595107870"
            },
            {
              "CompressionType": "",
              "DataType": "application/javascript",
              "DownloadTime": 328,
              "EventId": 904,
              "HttpStatus": 200,
              "Size": 1722486,
              "URL": "https://opensource-demo.orangehrmlive.com/web/dist/js/chunk-vendors.js?v=1711595107870"
            },
            {
              "CompressionType": "",
              "DataType": "text/css",
              "DownloadTime": 360,
              "EventId": 862,
              "HttpStatus": 200,
              "Size": 160886,
              "URL": "https://opensource-demo.orangehrmlive.com/web/dist/css/app.css?v=1711595107870"
            },
            {
              "CompressionType": "",
              "DataType": "text/css",
              "DownloadTime": 328,
              "EventId": 855,
              "HttpStatus": 200,
              "Size": 249969,
              "URL": "https://opensource-demo.orangehrmlive.com/web/dist/css/chunk-vendors.css?v=1711595107870"
            },
            {
              "CompressionType": "",
              "DataType": "text/html",
              "DownloadTime": 344,
              "EventId": 812,
              "HttpStatus": 200,
              "Size": 3451,
              "URL": "https://opensource-demo.orangehrmlive.com/web/index.php/auth/login"
            },
            {
              "CompressionType": "",
              "DataType": "text/html",
              "DownloadTime": 235,
              "EventId": 749,
              "HttpStatus": 302,
              "Size": 0,
              "URL": "https://opensource-demo.orangehrmlive.com/"
            }
          ],
          "SSLCipher": "ECDHE-RSA-AES256-GCM-SHA384",
          "SSLVersion": "TLS1.2"
        }
      ],
      "IncludeInScript": true
    },
    {
      "DomainName": "office.com",
      "Domains": [
        {
          "HTTPVersion": "HTTP/1.1",
          "IP": "40.99.31.130",
          "IncludeInScript": false,
          "Name": "substrate.office.com",
          "Port": 443,
          "Requests": [
            {
              "CompressionType": "",
              "DataType": "application/json",
              "DownloadTime": 250,
              "EventId": 858,
              "HttpStatus": 200,
              "Size": 3928,
              "URL": "https://substrate.office.com/profileb2/v2.0/me/V1Profile"
            },
            {
              "CompressionType": "",
              "DataType": "application/json",
              "DownloadTime": 219,
              "EventId": 804,
              "HttpStatus": 200,
              "Size": 3928,
              "URL": "https://substrate.office.com/profileb2/v2.0/me/V1Profile"
            }
          ],
          "SSLCipher": "TLS_AES_256_GCM_SHA384",
          "SSLVersion": "TLS1.3"
        }
      ],
      "IncludeInScript": true
    },
    {
      "DomainName": "msn.com",
      "Domains": [
        {
          "HTTPVersion": "HTTP/1.1",
          "IP": "204.79.197.203",
          "IncludeInScript": false,
          "Name": "ntp.msn.com",
          "Port": 443,
          "Requests": [
            {
              "CompressionType": "br",
              "DataType": "application/json",
              "DownloadTime": 312,
              "EventId": 906,
              "HttpStatus": 200,
              "Size": 110673,
              "URL": "https://ntp.msn.com/resolver/api/resolve/v3/config/?expType=AppConfig&expInstance=default&apptype=edgeChromium&v=20240520.492&targetScope={%22audienceMode%22:%22adult%22,%22browser%22:{%22browserType%22:%22edgeChromium%22,%22version%22:%22125%22,%22ismobile%22:%22false%22},%22deviceFormFactor%22:%22desktop%22,%22domain%22:%22ntp.msn.com%22,%22locale%22:{%22content%22:{%22language%22:%22en%22,%22market%22:%22in%22},%22display%22:{%22language%22:%22en%22,%22market%22:%22in%22}},%22os%22:%22windows%22,%22platform%22:%22web%22,%22pageType%22:%22dhp%22,%22pageExperiments%22:[%22prg-1s-twid%22,%22prg-1sw-100authclr%22,%22prg-1sw-actiondata-t%22,%22prg-1sw-artf1%22,%22prg-1sw-artrcnr%22,%22prg-1sw-authclr%22,%22prg-1sw-brnsspot%22,%22prg-1sw-brnsvg2%22,%22prg-1sw-cflwpro%22,%22prg-1sw-cgtab-t2%22,%22prg-1sw-cprefix%22,%22prg-1sw-cusirc%22,%22prg-1sw-dicutc3%22,%22prg-1sw-dlmybrief%22,%22prg-1sw-esprt-land%22,%22prg-1sw-esprt-shln%22,%22prg-1sw-finvldc%22,%22prg-1sw-fipthcc%22,%22prg-1sw-freiplc%22,%22prg-1sw-hupsell-3%22,%22prg-1sw-hupsell-tip%22,%22prg-1sw-hupsell-tr3%22,%22prg-1sw-iplsd-ntp%22,%22prg-1sw-iplsdc-ntp%22,%22prg-1sw-iplsdc1p2%22,%22prg-1sw-iplsdcp1c%22,%22prg-1sw-iplsdp%22,%22prg-1sw-iplsdp1%22,%22prg-1sw-iplsdp2%22,%22prg-1sw-lgen%22,%22prg-1sw-mebc81%22,%22prg-1sw-mtr-en%22,%22prg-1sw-p1wtrclm%22,%22prg-1sw-plholt%22,%22prg-1sw-rcux2%22,%22prg-1sw-reclaim%22,%22prg-1sw-reclaim2%22,%22prg-1sw-rr2fn%22,%22prg-1sw-rr2fp%22,%22prg-1sw-rvplhold%22,%22prg-1sw-sa-distillation7-c%22,%22prg-1sw-sa-pr2-l4%22,%22prg-1sw-sa-rmheadlinerwt1%22,%22prg-1sw-sa-uiel3div1%22,%22prg-1sw-sadnnltcv3t3%22,%22prg-1sw-saexplicit18g%22,%22prg-1sw-satestprod%22,%22prg-1sw-saw-mg1%22,%22prg-1sw-sdandbrief%22,%22prg-1sw-socc-ntp%22,%22prg-1sw-socc-p1%22,%22prg-1sw-socc-p2%22,%22prg-1sw-uclcm%22,%22prg-1sw-uueventp0%22,%22prg-1sw-wxhurac%22,%22prg-1sw-wxmptreplace%22,%22prg-1sw-wxrecv2%22,%22prg-1sw-wxrvlocds%22,%22prg-1sw-zhcnalt2%22,%22prg-ad-new-ctr%22,%22prg-ad-pdedupe-c%22,%22prg-adspeek%22,%22prg-analyze-focus%22,%22prg-atmk-aipoconf%22,%22prg-atmk-conf2%22,%22prg-atmk-igint%22,%22prg-atmk-intconf2%22,%22prg-atmk-mygconf5%22,%22prg-auto-igint%22,%22prg-bh-staging%22,%22prg-boost-p2-ww%22,%22prg-cg-ad-mcg-60-c%22,%22prg-cg-ad-pod%22,%22prg-cg-ad-ref-if-2%22,%22prg-cg-blocking-pwa%22,%22prg-cg-dom-cleac%22,%22prg-cg-filter-new%22,%22prg-cg-ingames-ct%22,%22prg-cg-ntv-ad-hero2%22,%22prg-cg-ntv-shr-hero2%22,%22prg-cg-tt-defaultlog%22,%22prg-chpg-hstryctrl%22,%22prg-chpg-ogfd%22,%22prg-chpg-ogfd-t%22,%22prg-chpg-wcct%22,%22prg-dhpprerendercf%22,%22prg-edg-tm500%22,%22prg-edg-tmtrig%22,%22prg-electionc%22,%22prg-evt-indiaelxnc%22,%22prg-fin-adsc%22,%22prg-followdata-t%22,%22prg-health-cfstaging%22,%22prg-heroregionc%22,%22prg-hl-rmv%22,%22prg-hp-inelections%22,%22prg-hp-ip-light%22,%22prg-hp-nf%22,%22prg-nav-nemt%22,%22prg-nav-nemt2%22,%22prg-ntfc-setting%22,%22prg-open-in-new%22,%22prg-pr2-boostwwc%22,%22prg-pr2-cgtab-t1%22,%22prg-pr2-edgeprotocol-c%22,%22prg-pr2-nfyico%22,%22prg-pr2-pagecontext%22,%22prg-pr2-shoreline%22,%22prg-pr2-sidebar%22,%22prg-pr2-sidebar-t%22,%22prg-pr2-tbnewani%22,%22prg-pr2-widget-tab%22,%22prg-premier-ntp-t3%22,%22prg-reactdata-t%22,%22prg-rpt2%22,%22prg-rs36-t1%22,%22prg-sh-bd-newchckot%22,%22prg-sh-bd-nwchk%22,%22prg-sh-bd-video%22,%22prg-sh-nonper%22,%22prg-sh-ntpigspc%22,%22prg-sh-recopdp%22,%22prg-sh-rmitmlnk%22,%22prg-shop-staginc%22,%22prg-shopping-api%22,%22prg-shp-dcrnd%22,%22prg-sp-liveapi%22,%22prg-sp-nba24%22,%22prg-sp-nhl24%22,%22prg-tat-msnvserp-t%22,%22prg-titlemapping-1%22,%22prg-titlemapping-a%22,%22prg-tsoint%22,%22prg-upsaip-r-t%22,%22prg-upsaip-w1-t%22,%22prg-use-camel%22,%22prg-views-webp%22,%22prg-whp-grtconsist%22,%22prg-whp-ml1nflipper%22,%22prg-wpo-infop%22,%22prg-wtch-inarad-c%22,%22prg-wx-dhgrd-c%22,%22prg-wx-fs10%22,%22prg-wx-locpop1%22]}"
            },
            {
              "CompressionType": "",
              "DataType": "text/html",
              "DownloadTime": 141,
              "EventId": 786,
              "HttpStatus": 200,
              "Size": 59190,
              "URL": "https://ntp.msn.com/edge/ntp?locale=en-US&title=New%20tab&dsp=1&sp=Bing&startpage=1&PC=U531&prerender=1"
            }
          ],
          "SSLCipher": "TLS_AES_256_GCM_SHA384",
          "SSLVersion": "TLS1.3"
        },
        {
          "HTTPVersion": "HTTP/1.1",
          "IP": "23.215.4.43",
          "IncludeInScript": false,
          "Name": "assets.msn.com",
          "Port": 443,
          "Requests": [
            {
              "CompressionType": "gzip",
              "DataType": "image/x-icon",
              "DownloadTime": 31,
              "EventId": 1170,
              "HttpStatus": 200,
              "Size": 0,
              "URL": "https://assets.msn.com/statics/icons/favicon.ico"
            },
            {
              "CompressionType": "br",
              "DataType": "application/json",
              "DownloadTime": 203,
              "EventId": 1146,
              "HttpStatus": 200,
              "Size": 110673,
              "URL": "https://assets.msn.com/resolver/api/resolve/v3/config/?expType=AppConfig&expInstance=default&apptype=edgeChromium&v=20240520.492&targetScope={%22audienceMode%22:%22adult%22,%22browser%22:{%22browserType%22:%22edgeChromium%22,%22version%22:%22125%22,%22ismobile%22:%22false%22},%22deviceFormFactor%22:%22desktop%22,%22domain%22:%22ntp.msn.com%22,%22locale%22:{%22content%22:{%22language%22:%22en%22,%22market%22:%22in%22},%22display%22:{%22language%22:%22en%22,%22market%22:%22in%22}},%22os%22:%22windows%22,%22platform%22:%22web%22,%22pageType%22:%22dhp%22,%22pageExperiments%22:[%22prg-1s-twid%22,%22prg-1sw-100authclr%22,%22prg-1sw-actiondata-t%22,%22prg-1sw-artf1%22,%22prg-1sw-artrcnr%22,%22prg-1sw-authclr%22,%22prg-1sw-brnsspot%22,%22prg-1sw-brnsvg2%22,%22prg-1sw-cflwpro%22,%22prg-1sw-cgtab-t2%22,%22prg-1sw-cprefix%22,%22prg-1sw-cusirc%22,%22prg-1sw-dicutc3%22,%22prg-1sw-dlmybrief%22,%22prg-1sw-esprt-land%22,%22prg-1sw-esprt-shln%22,%22prg-1sw-finvldc%22,%22prg-1sw-fipthcc%22,%22prg-1sw-freiplc%22,%22prg-1sw-hupsell-3%22,%22prg-1sw-hupsell-tip%22,%22prg-1sw-hupsell-tr3%22,%22prg-1sw-iplsd-ntp%22,%22prg-1sw-iplsdc-ntp%22,%22prg-1sw-iplsdc1p2%22,%22prg-1sw-iplsdcp1c%22,%22prg-1sw-iplsdp%22,%22prg-1sw-iplsdp1%22,%22prg-1sw-iplsdp2%22,%22prg-1sw-lgen%22,%22prg-1sw-mebc81%22,%22prg-1sw-mtr-en%22,%22prg-1sw-p1wtrclm%22,%22prg-1sw-plholt%22,%22prg-1sw-rcux2%22,%22prg-1sw-reclaim%22,%22prg-1sw-reclaim2%22,%22prg-1sw-rr2fn%22,%22prg-1sw-rr2fp%22,%22prg-1sw-rvplhold%22,%22prg-1sw-sa-distillation7-c%22,%22prg-1sw-sa-pr2-l4%22,%22prg-1sw-sa-rmheadlinerwt1%22,%22prg-1sw-sa-uiel3div1%22,%22prg-1sw-sadnnltcv3t3%22,%22prg-1sw-saexplicit18g%22,%22prg-1sw-satestprod%22,%22prg-1sw-saw-mg1%22,%22prg-1sw-sdandbrief%22,%22prg-1sw-socc-ntp%22,%22prg-1sw-socc-p1%22,%22prg-1sw-socc-p2%22,%22prg-1sw-uclcm%22,%22prg-1sw-uueventp0%22,%22prg-1sw-wxhurac%22,%22prg-1sw-wxmptreplace%22,%22prg-1sw-wxrecv2%22,%22prg-1sw-wxrvlocds%22,%22prg-1sw-zhcnalt2%22,%22prg-ad-new-ctr%22,%22prg-ad-pdedupe-c%22,%22prg-adspeek%22,%22prg-analyze-focus%22,%22prg-atmk-aipoconf%22,%22prg-atmk-conf2%22,%22prg-atmk-igint%22,%22prg-atmk-intconf2%22,%22prg-atmk-mygconf5%22,%22prg-auto-igint%22,%22prg-bh-staging%22,%22prg-boost-p2-ww%22,%22prg-cg-ad-mcg-60-c%22,%22prg-cg-ad-pod%22,%22prg-cg-ad-ref-if-2%22,%22prg-cg-blocking-pwa%22,%22prg-cg-dom-cleac%22,%22prg-cg-filter-new%22,%22prg-cg-ingames-ct%22,%22prg-cg-ntv-ad-hero2%22,%22prg-cg-ntv-shr-hero2%22,%22prg-cg-tt-defaultlog%22,%22prg-chpg-hstryctrl%22,%22prg-chpg-ogfd%22,%22prg-chpg-ogfd-t%22,%22prg-chpg-wcct%22,%22prg-dhpprerendercf%22,%22prg-edg-tm500%22,%22prg-edg-tmtrig%22,%22prg-electionc%22,%22prg-evt-indiaelxnc%22,%22prg-fin-adsc%22,%22prg-followdata-t%22,%22prg-health-cfstaging%22,%22prg-heroregionc%22,%22prg-hl-rmv%22,%22prg-hp-inelections%22,%22prg-hp-ip-light%22,%22prg-hp-nf%22,%22prg-nav-nemt%22,%22prg-nav-nemt2%22,%22prg-ntfc-setting%22,%22prg-open-in-new%22,%22prg-pr2-boostwwc%22,%22prg-pr2-cgtab-t1%22,%22prg-pr2-edgeprotocol-c%22,%22prg-pr2-nfyico%22,%22prg-pr2-pagecontext%22,%22prg-pr2-shoreline%22,%22prg-pr2-sidebar%22,%22prg-pr2-sidebar-t%22,%22prg-pr2-tbnewani%22,%22prg-pr2-widget-tab%22,%22prg-premier-ntp-t3%22,%22prg-reactdata-t%22,%22prg-rpt2%22,%22prg-rs36-t1%22,%22prg-sh-bd-newchckot%22,%22prg-sh-bd-nwchk%22,%22prg-sh-bd-video%22,%22prg-sh-nonper%22,%22prg-sh-ntpigspc%22,%22prg-sh-recopdp%22,%22prg-sh-rmitmlnk%22,%22prg-shop-staginc%22,%22prg-shopping-api%22,%22prg-shp-dcrnd%22,%22prg-sp-liveapi%22,%22prg-sp-nba24%22,%22prg-sp-nhl24%22,%22prg-tat-msnvserp-t%22,%22prg-titlemapping-1%22,%22prg-titlemapping-a%22,%22prg-tsoint%22,%22prg-upsaip-r-t%22,%22prg-upsaip-w1-t%22,%22prg-use-camel%22,%22prg-views-webp%22,%22prg-whp-grtconsist%22,%22prg-whp-ml1nflipper%22,%22prg-wpo-infop%22,%22prg-wtch-inarad-c%22,%22prg-wx-dhgrd-c%22,%22prg-wx-fs10%22,%22prg-wx-locpop1%22]}"
            }
          ],
          "SSLCipher": "TLS_AES_256_GCM_SHA384",
          "SSLVersion": "TLS1.3"
        }
      ],
      "IncludeInScript": true
    },
    {
      "DomainName": "microsoft.com",
      "Domains": [
        {
          "HTTPVersion": "HTTP/1.1",
          "IP": "20.212.88.117",
          "IncludeInScript": false,
          "Name": "prod-southeastasia.access-point.cloudmessaging.edge.microsoft.com",
          "Port": 443,
          "Requests": [
            {
              "CompressionType": "",
              "DataType": "",
              "DownloadTime": 266,
              "EventId": 860,
              "HttpStatus": 101,
              "Size": 0,
              "URL": "https://prod-southeastasia.access-point.cloudmessaging.edge.microsoft.com/"
            }
          ],
          "SSLCipher": "",
          "SSLVersion": ""
        },
        {
          "HTTPVersion": "HTTP/1.1",
          "IP": "20.42.73.29",
          "IncludeInScript": false,
          "Name": "nw-umwatson.events.data.microsoft.com",
          "Port": 443,
          "Requests": [
            {
              "CompressionType": "",
              "DataType": "text/xml",
              "DownloadTime": 265,
              "EventId": 685,
              "HttpStatus": 200,
              "Size": 634,
              "URL": "https://nw-umwatson.events.data.microsoft.com/Telemetry.Request"
            }
          ],
          "SSLCipher": "TLS_AES_256_GCM_SHA384",
          "SSLVersion": "TLS1.3"
        },
        {
          "HTTPVersion": "HTTP/1.1",
          "IP": "52.139.252.32",
          "IncludeInScript": false,
          "Name": "nav-edge.smartscreen.microsoft.com",
          "Port": 443,
          "Requests": [
            {
              "CompressionType": "",
              "DataType": "application/json",
              "DownloadTime": 62,
              "EventId": 782,
              "HttpStatus": 200,
              "Size": 861,
              "URL": "https://nav-edge.smartscreen.microsoft.com/api/browser/edge/navigate/3"
            }
          ],
          "SSLCipher": "TLS_AES_256_GCM_SHA384",
          "SSLVersion": "TLS1.3"
        },
        {
          "HTTPVersion": "HTTP/1.1",
          "IP": "20.189.173.25",
          "IncludeInScript": false,
          "Name": "functional.events.data.microsoft.com",
          "Port": 443,
          "Requests": [
            {
              "CompressionType": "",
              "DataType": "application/json",
              "DownloadTime": 704,
              "EventId": 1163,
              "HttpStatus": 200,
              "Size": 9,
              "URL": "https://functional.events.data.microsoft.com/OneCollector/1.0/"
            }
          ],
          "SSLCipher": "",
          "SSLVersion": ""
        },
        {
          "HTTPVersion": "HTTP/1.1",
          "IP": "204.79.197.239",
          "IncludeInScript": false,
          "Name": "edge.microsoft.com",
          "Port": 443,
          "Requests": [
            {
              "CompressionType": "",
              "DataType": "application/json",
              "DownloadTime": 15,
              "EventId": 1412,
              "HttpStatus": 200,
              "Size": 20,
              "URL": "https://edge.microsoft.com/autofillservice/core/page/-3564708943427774712/4078265939436565892"
            },
            {
              "CompressionType": "",
              "DataType": "application/json",
              "DownloadTime": 234,
              "EventId": 1396,
              "HttpStatus": 200,
              "Size": 981,
              "URL": "https://edge.microsoft.com/autofillservice/core/page/-3564708943427774712/2981760265050780056%7C499634745713668659"
            },
            {
              "CompressionType": "",
              "DataType": "application/json",
              "DownloadTime": 78,
              "EventId": 1324,
              "HttpStatus": 200,
              "Size": 158,
              "URL": "https://edge.microsoft.com/autofillservice/core/page/-3564708943427774712/499634745713668659"
            },
            {
              "CompressionType": "",
              "DataType": "application/json",
              "DownloadTime": 16,
              "EventId": 1238,
              "HttpStatus": 200,
              "Size": 328,
              "URL": "https://edge.microsoft.com/autofillservice/core/page/-3564708943427774712/-9191245191609074552"
            },
            {
              "CompressionType": "gzip",
              "DataType": "application/json",
              "DownloadTime": 203,
              "EventId": 821,
              "HttpStatus": 201,
              "Size": 542,
              "URL": "https://edge.microsoft.com/sync/v2/feeds/me/subscriptions"
            },
            {
              "CompressionType": "gzip",
              "DataType": "application/octet-stream",
              "DownloadTime": 313,
              "EventId": 814,
              "HttpStatus": 200,
              "Size": 669,
              "URL": "https://edge.microsoft.com/sync/v1/feeds/me/syncEntities/command/?client=Chromium&client_id=fB2%2FxXTuhJu58U%2F0Zv%2FDPQ%3D%3D"
            },
            {
              "CompressionType": "",
              "DataType": "text/xml",
              "DownloadTime": 109,
              "EventId": 784,
              "HttpStatus": 200,
              "Size": 413,
              "URL": "https://edge.microsoft.com/extensionwebstorebase/v1/crx?os=win&arch=x64&os_arch=x86_64&nacl_arch=x86-64&prod=edgecrx&prodchannel=&prodversion=125.0.2535.67&lang=en-US&acceptformat=crx3,puff&x=id%3Djmjflgjpcpepeafmmgdpfkogkghcpiha%26v%3D1.2.1%26installedby%3Dother%26uc"
            },
            {
              "CompressionType": "gzip",
              "DataType": "application/octet-stream",
              "DownloadTime": 359,
              "EventId": 755,
              "HttpStatus": 200,
              "Size": 96,
              "URL": "https://edge.microsoft.com/sync/v1/feeds/me/syncEntities/command/?client=Chromium&client_id=fB2%2FxXTuhJu58U%2F0Zv%2FDPQ%3D%3D"
            },
            {
              "CompressionType": "",
              "DataType": "application/json",
              "DownloadTime": 375,
              "EventId": 753,
              "HttpStatus": 200,
              "Size": 4012,
              "URL": "https://edge.microsoft.com/identity/api/v3/msa"
            },
            {
              "CompressionType": "",
              "DataType": "application/json",
              "DownloadTime": 359,
              "EventId": 751,
              "HttpStatus": 200,
              "Size": 1164,
              "URL": "https://edge.microsoft.com/serviceexperimentation/v3/?osname=win&channel=stable&osver=10.0.22631&devicefamily=desktop&installdate=1600573272&clientversion=125.0.2535.67&experimentationmode=2&scpguard=0&scpfull=0&scpver=0"
            }
          ],
          "SSLCipher": "TLS_AES_256_GCM_SHA384",
          "SSLVersion": "TLS1.3"
        },
        {
          "HTTPVersion": "HTTP/1.1",
          "IP": "13.107.6.158",
          "IncludeInScript": false,
          "Name": "edge-http.microsoft.com",
          "Port": 80,
          "Requests": [
            {
              "CompressionType": "",
              "DataType": "",
              "DownloadTime": 203,
              "EventId": 807,
              "HttpStatus": 204,
              "Size": 0,
              "URL": "http://edge-http.microsoft.com/captiveportal/generate_204"
            },
            {
              "CompressionType": "",
              "DataType": "",
              "DownloadTime": 375,
              "EventId": 757,
              "HttpStatus": 204,
              "Size": 0,
              "URL": "http://edge-http.microsoft.com/captiveportal/generate_204"
            }
          ],
          "SSLCipher": "None",
          "SSLVersion": "None"
        }
      ],
      "IncludeInScript": true
    },
    {
      "DomainName": "bing.com",
      "Domains": [
        {
          "HTTPVersion": "HTTP/1.1",
          "IP": "23.65.124.97",
          "IncludeInScript": false,
          "Name": "www.bing.com",
          "Port": 443,
          "Requests": [
            {
              "CompressionType": "",
              "DataType": "application/json",
              "DownloadTime": 63,
              "EventId": 1270,
              "HttpStatus": 200,
              "Size": 854543,
              "URL": "https://www.bing.com/bloomfilterfiles/ExpandedDomainsFilterGlobal.json"
            },
            {
              "CompressionType": "br",
              "DataType": "text/html",
              "DownloadTime": 203,
              "EventId": 834,
              "HttpStatus": 200,
              "Size": 20,
              "URL": "https://www.bing.com/fd/auth/signin?&action=header&provider=windows_live_id&save_token=0"
            },
            {
              "CompressionType": "",
              "DataType": "application/json",
              "DownloadTime": 6421,
              "EventId": 827,
              "HttpStatus": 200,
              "Size": 132,
              "URL": "https://www.bing.com/api/shopping/v1/savings/rewards/rewardsUserInfo"
            },
            {
              "CompressionType": "",
              "DataType": "application/json",
              "DownloadTime": 453,
              "EventId": 764,
              "HttpStatus": 200,
              "Size": 132,
              "URL": "https://www.bing.com/api/shopping/v1/savings/rewards/rewardsUserInfo"
            }
          ],
          "SSLCipher": "TLS_AES_256_GCM_SHA384",
          "SSLVersion": "TLS1.3"
        },
        {
          "HTTPVersion": "HTTP/1.1",
          "IP": "13.107.6.158",
          "IncludeInScript": false,
          "Name": "business.bing.com",
          "Port": 443,
          "Requests": [
            {
              "CompressionType": "",
              "DataType": "",
              "DownloadTime": 328,
              "EventId": 1246,
              "HttpStatus": 401,
              "Size": 0,
              "URL": "https://business.bing.com/api/v1/user/token/microsoftgraph?&clienttype=edge-omnibox"
            },
            {
              "CompressionType": "br",
              "DataType": "application/json",
              "DownloadTime": 203,
              "EventId": 1242,
              "HttpStatus": 401,
              "Size": 379,
              "URL": "https://business.bing.com/work/api/v2/tenant/my/settingswithflights?&clienttype=edge-omnibox"
            }
          ],
          "SSLCipher": "",
          "SSLVersion": ""
        }
      ],
      "IncludeInScript": true
    }
  ],
  "WebSocket": {
    "IncludeInScript": false,
    "IsScriptIncludeWebSocket": true
  },
  "NumberOfCorrelations": 2
}