﻿<?xml version="1.0"?>
<!DOCTYPE Report
[
<!ELEMENT Report (General ,(Doc|BPT)) >
<!ATTLIST Report ver CDATA #REQUIRED tmZone CDATA #REQUIRED>

<!ELEMENT General ( DocLocation ) >
<!ATTLIST General productName CDATA #REQUIRED productVer CDATA #REQUIRED os CDATA #REQUIRED host CDATA #REQUIRED qcserver CDATA #IMPLIED qcproject CDATA #IMPLIED SolManSolutionId CDATA #IMPLIED SolManProjectId CDATA #IMPLIED SolManTestPlanId CDATA #IMPLIED SolManTestPackageId CDATA #IMPLIED SolManUserInfoData CDATA #IMPLIED  >

<!ELEMENT BPT (DName,Res,DVer?,TSet?,TInst?,NodeArgs,AdditionalInfo*,Doc*) >
<!ATTLIST BPT rID ID #REQUIRED >

<!ELEMENT Doc (DName,ConfName?,Res,DVer?,TSet?,TInst?,RunType?,DT?,AdditionalInfo*,Step*,DIter*,Step*,Action*,Doc*,Summary?,TestMaintenanceSummary*,NodeArgs?) >
<!ATTLIST Doc rID ID #REQUIRED type (Test|BC|BPTWrapperTest|Flow|Group|Action) "Test" productName CDATA #REQUIRED BCIter CDATA #IMPLIED >

<!ELEMENT RunType ( #PCDATA )>
<!ATTLIST RunType fmStep (False|True) "False" batch (False|True) "False" upDesc (False|True) "False" upChk (False|True) "False" upAS (False|True) "False">

<!ELEMENT DName ( #PCDATA ) >

<!ELEMENT ConfName ( #PCDATA ) >

<!ELEMENT Res ( #PCDATA ) >

<!ELEMENT AdditionalInfo (AdditionalDataName,AdditionalDataValue ) >

<!ELEMENT AdditionalDataName ( #PCDATA ) >

<!ELEMENT AdditionalDataValue ( #PCDATA ) >

<!ELEMENT DVer ( #PCDATA ) >

<!ELEMENT TSet ( #PCDATA ) >

<!ELEMENT TInst ( #PCDATA ) >

<!ELEMENT DIter (Step*,Action+,Summary?,NodeArgs)>
<!ATTLIST DIter rID ID #REQUIRED iterID CDATA #REQUIRED>

<!ELEMENT DocLocation ( #PCDATA )>

<!ELEMENT Action (AName,AIter*,(Step|HtmlStep|Action)*, Summary,ActionMaintenanceSummary*, NodeArgs ) >
<!ATTLIST Action rID ID #REQUIRED>

<!ELEMENT AIter ((Step|HtmlStep|Action)*,DataMapping?, Summary?,NodeArgs) >
<!ATTLIST AIter rID ID #REQUIRED iterID CDATA #REQUIRED isCountable (False|True) "False" >

<!ELEMENT AName ( #PCDATA ) >

<!ELEMENT TestMaintenanceSummary (ActionMaintenanceSummary*) >
<!ATTLIST TestMaintenanceSummary ObjectsAdded CDATA #REQUIRED ObjectsUpdated CDATA #REQUIRED StepsUpdated CDATA #REQUIRED StepsComments CDATA #REQUIRED><!ELEMENT ActionMaintenanceSummary (ObjectChange* ) >
<!ATTLIST ActionMaintenanceSummary Action CDATA #REQUIRED Objects CDATA #REQUIRED Updated CDATA #REQUIRED LinesTotal CDATA #REQUIRED Added CDATA #REQUIRED LinesUpdated CDATA #REQUIRED>

<!ELEMENT ObjectChange  (Hierarchy, PropertyChangeList* ) >
<!ATTLIST ObjectChange Operation CDATA #IMPLIED OriginalRepository CDATA #IMPLIED>

<!ELEMENT PropertyChangeList (PropertyDef*) >

<!ELEMENT PropertyDef (OriginalValue, NewValue) >
<!ATTLIST PropertyDef PropName CDATA #REQUIRED OriginRegularExpression (True|False) "False" NewRegularExpression (True|False) "False" AddedProperty (True|False) "False" >

<!ELEMENT OriginalValue ( #PCDATA )>

<!ELEMENT NewValue ( #PCDATA )>

<!ELEMENT Hierarchy  (ObjectName, Hierarchy*) >
<!ATTLIST Hierarchy MicClass CDATA #REQUIRED>

<!ELEMENT ObjectName  ( #PCDATA ) >

<!ELEMENT Step (Obj,Details,Time,TimeTick* ,(Step|HtmlStep|Doc)*, DataMapping?, NodeArgs) >
<!ATTLIST Step rID ID #REQUIRED retval CDATA #IMPLIED>

<!ELEMENT HtmlStep (HTML,TimeTick*,(Step|HtmlStep|Doc)*,NodeArgs) >
<!ATTLIST HtmlStep rID ID #REQUIRED >

<!ELEMENT Obj ( #PCDATA ) >
<!ATTLIST Obj plainTxt (False|True) "True">

<!ELEMENT Details ( #PCDATA ) >
<!ATTLIST Details plainTxt (False|True) "True">

<!ELEMENT Time ( #PCDATA ) >

<!ELEMENT HTML ( #PCDATA ) >

<!ELEMENT Disp ( #PCDATA ) >

<!ELEMENT TimeTick ( #PCDATA ) >

<!ELEMENT DataMapping ( DataMappedItem* )>
<!ELEMENT DataMappedItem EMPTY >
<!ATTLIST DataMappedItem dsName CDATA #REQUIRED >
<!ATTLIST DataMappedItem rowId CDATA #REQUIRED >

<!ELEMENT NodeArgs (Disp,TopPane?,BtmPane?,ExtendedInfo? )>
<!ATTLIST NodeArgs eType CDATA #REQUIRED icon CDATA #REQUIRED nRep CDATA #REQUIRED UserNote CDATA #IMPLIED filter (False|True) "True">
<!ATTLIST NodeArgs status (Passed|Failed|Done|Warning|Information) "Done">
<!ATTLIST NodeArgs iconSel CDATA #IMPLIED nType CDATA #IMPLIED MovieMarker CDATA "">
<!ATTLIST NodeArgs Source CDATA #IMPLIED SourceLine CDATA #IMPLIED StepFlowItemKey CDATA #IMPLIED >

<!ELEMENT TopPane (Path)>

<!ELEMENT BtmPane ( (Path|WR)?,ASHilite?)>
<!ATTLIST BtmPane vType CDATA "HTML">

<!ELEMENT Path ( #PCDATA ) >

<!ELEMENT ASHilite ( #PCDATA ) >

<!ELEMENT WR ( #PCDATA ) >

<!ELEMENT ExtendedInfo ( StepData ) >

<!ATTLIST ExtendedInfo StepType CDATA #REQUIRED>
<!ELEMENT DT (NodeArgs) >
<!ATTLIST DT rID ID #REQUIRED>

<!ELEMENT Summary (Param*)>
<!ATTLIST Summary sTime CDATA #IMPLIED eTime CDATA #IMPLIED passed CDATA #IMPLIED failed CDATA #IMPLIED warnings CDATA #IMPLIED retval CDATA #IMPLIED stopped (False|True) "False" >

<!ELEMENT Param (ParamName,ParamVal)+ >
<!ATTLIST Param paramInOut (In|Out) "In">

<!ELEMENT ParamName ( #PCDATA ) >

<!ELEMENT ParamVal ( #PCDATA ) >

]
>
<Report ver="2.0" tmZone="India Standard Time">
<General productName="Vugen" productVer="2021" os="" host="LAPTOP-DN4LME04"><DocLocation><![CDATA[C:\Users\hp\Desktop\New CRM Scripts\OrangeHRM_Time]]></DocLocation></General>
<Doc rID="T1"   productName= "Vugen"  >
<DName><![CDATA[OrangeHRM_Time]]></DName>
<Res><![CDATA[result1]]></Res>
<Action rID="T2">
<AName><![CDATA[vuser_init]]></AName>
<Step rID="T3">
<Obj plainTxt="False" ><![CDATA[Service: Cache Cleanup]]></Obj>
<Details plainTxt="False" ><![CDATA[<CENTER>Clear the contents of the cache simulator</CENTER>]]></Details>
<Time><![CDATA[29-05-2024 - 12:04:59]]></Time>
<TimeTick>1716964499</TimeTick>
<NodeArgs eType="General" icon="3" nRep="6" >
<Disp><![CDATA[Service: Cache Cleanup]]></Disp>
</NodeArgs>
</Step>
<Step rID="T4">
<Obj plainTxt="False" ><![CDATA[Service: Cleanup Cookies]]></Obj>
<Details plainTxt="False" ><![CDATA[<CENTER>Remove all the cookies that are currently stored by the Vuser</CENTER>]]></Details>
<Time><![CDATA[29-05-2024 - 12:04:59]]></Time>
<TimeTick>1716964499</TimeTick>
<NodeArgs eType="General" icon="4" nRep="7" >
<Disp><![CDATA[Service: Cleanup Cookies]]></Disp>
</NodeArgs>
</Step>
<Step rID="T5">
<Obj plainTxt="False" ><![CDATA[Service: Set Sockets Option]]></Obj>
<Details plainTxt="False" ><![CDATA[<CENTER>Set socket option <STRONG><FONT COLOR=#00AF00>SSL_VERSION</FONT></STRONG> with value <STRONG><FONT COLOR=#00AF00>AUTO</FONT></STRONG></CENTER>]]></Details>
<Time><![CDATA[29-05-2024 - 12:04:59]]></Time>
<TimeTick>1716964499</TimeTick>
<NodeArgs eType="General" icon="5" nRep="8" >
<Disp><![CDATA[Service: Set Sockets Option]]></Disp>
</NodeArgs>
</Step>
<Step rID="T6">
<Obj plainTxt="False" ><![CDATA[Service: Set Sockets Option]]></Obj>
<Details plainTxt="False" ><![CDATA[<CENTER>Set socket option <STRONG><FONT COLOR=#00AF00>TLS_SNI</FONT></STRONG> with value <STRONG><FONT COLOR=#00AF00>0</FONT></STRONG></CENTER>]]></Details>
<Time><![CDATA[29-05-2024 - 12:04:59]]></Time>
<TimeTick>1716964499</TimeTick>
<NodeArgs eType="General" icon="5" nRep="9" >
<Disp><![CDATA[Service: Set Sockets Option]]></Disp>
</NodeArgs>
</Step>
<Step rID="T7">
<Obj plainTxt="False" ><![CDATA[Service: Reg Save Param RegExp]]></Obj>
<Details plainTxt="False" ><![CDATA[<CENTER>ParamName = <STRONG><FONT COLOR=#00AF00>_token</FONT></STRONG><BR>RegExp = <STRONG><FONT COLOR=#00AF00>quot;(.*?)&quot</FONT></STRONG><BR>Instance = <STRONG><FONT COLOR=#00AF00>[param not passed in call]</FONT></STRONG></CENTER>]]></Details>
<Time><![CDATA[29-05-2024 - 12:04:59]]></Time>
<TimeTick>1716964499</TimeTick>
<NodeArgs eType="General" icon="6" nRep="10" >
<Disp><![CDATA[Service: Reg Save Param RegExp]]></Disp>
</NodeArgs>
</Step>
<Step rID="T8">
<Obj plainTxt="False" ><![CDATA[Service: Reg Save Param RegExp]]></Obj>
<Details plainTxt="False" ><![CDATA[<CENTER>ParamName = <STRONG><FONT COLOR=#00AF00>v</FONT></STRONG><BR>RegExp = <STRONG><FONT COLOR=#00AF00>href="/web/dist/favicon\.ico\?v=(.*?)">\
\ \ \ \ </FONT></STRONG><BR>Instance = <STRONG><FONT COLOR=#00AF00>[param not passed in call]</FONT></STRONG></CENTER>]]></Details>
<Time><![CDATA[29-05-2024 - 12:04:59]]></Time>
<TimeTick>1716964499</TimeTick>
<NodeArgs eType="General" icon="6" nRep="11" >
<Disp><![CDATA[Service: Reg Save Param RegExp]]></Disp>
</NodeArgs>
</Step>
<Step rID="T9">
<Obj plainTxt="False" ><![CDATA[Service: Reg Find]]></Obj>
<Details plainTxt="False" ><![CDATA[<CENTER><STRONG><FONT COLOR=#00AF00>Text=orangehrm</FONT></STRONG></CENTER>]]></Details>
<Time><![CDATA[29-05-2024 - 12:04:59]]></Time>
<TimeTick>1716964499</TimeTick>
<NodeArgs eType="General" icon="7" nRep="12" >
<Disp><![CDATA[Service: Reg Find]]></Disp>
</NodeArgs>
</Step>
<Step rID="T10">
<Obj plainTxt="False" ><![CDATA[Url: opensource-demo.orangehrmlive.com]]></Obj>
<Details plainTxt="False" ><![CDATA[<CENTER><STRONG><FONT COLOR=#009A63>Step completed successfully</FONT></STRONG></CENTER>]]></Details>
<Time><![CDATA[29-05-2024 - 12:05:02]]></Time>
<TimeTick>1716964502</TimeTick>
<NodeArgs eType="General" icon="8" nRep="13" status="Passed" >
<Disp><![CDATA[Url: opensource-demo.orangehrmlive.com]]></Disp>
<BtmPane vType="HTMLSNSH" >
<Path><![CDATA[\Iteration1\t3.inf]]></Path>
</BtmPane>
</NodeArgs>
</Step>
<Step rID="T11">
<Obj plainTxt="False" ><![CDATA[Service: Reg Find]]></Obj>
<Details plainTxt="False" ><![CDATA[<CENTER><STRONG><FONT COLOR=#00AF00>Text=Redirecting</FONT></STRONG></CENTER>]]></Details>
<Time><![CDATA[29-05-2024 - 12:05:02]]></Time>
<TimeTick>1716964502</TimeTick>
<NodeArgs eType="General" icon="7" nRep="14" >
<Disp><![CDATA[Service: Reg Find]]></Disp>
</NodeArgs>
</Step>
<Step rID="T12">
<Obj plainTxt="False" ><![CDATA[Submit Data: validate]]></Obj>
<Details plainTxt="False" ><![CDATA[<CENTER><STRONG><FONT COLOR=#009A63>Step completed successfully</FONT></STRONG></CENTER>]]></Details>
<Time><![CDATA[29-05-2024 - 12:05:05]]></Time>
<TimeTick>1716964505</TimeTick>
<NodeArgs eType="General" icon="9" nRep="15" status="Passed" >
<Disp><![CDATA[Submit Data: validate]]></Disp>
<BtmPane vType="HTMLSNSH" >
<Path><![CDATA[\Iteration1\t4.inf]]></Path>
</BtmPane>
</NodeArgs>
</Step>
<Step rID="T13">
<Obj plainTxt="False" ><![CDATA[Url: messages_2]]></Obj>
<Details plainTxt="False" ><![CDATA[<CENTER><STRONG><FONT COLOR=#009A63>Step completed successfully</FONT></STRONG></CENTER>]]></Details>
<Time><![CDATA[29-05-2024 - 12:05:13]]></Time>
<TimeTick>1716964513</TimeTick>
<NodeArgs eType="General" icon="8" nRep="16" status="Passed" >
<Disp><![CDATA[Url: messages_2]]></Disp>
<BtmPane vType="HTMLSNSH" >
<Path><![CDATA[\Iteration1\t5.inf]]></Path>
</BtmPane>
</NodeArgs>
</Step>
<Step rID="T14">
<Obj plainTxt="False" ><![CDATA[Url: time-at-work]]></Obj>
<Details plainTxt="False" ><![CDATA[<CENTER><STRONG><FONT COLOR=#009A63>Step completed successfully</FONT></STRONG></CENTER>]]></Details>
<Time><![CDATA[29-05-2024 - 12:05:14]]></Time>
<TimeTick>1716964514</TimeTick>
<NodeArgs eType="General" icon="8" nRep="17" status="Passed" >
<Disp><![CDATA[Url: time-at-work]]></Disp>
<BtmPane vType="HTMLSNSH" >
<Path><![CDATA[\Iteration1\t6.inf]]></Path>
</BtmPane>
</NodeArgs>
</Step>
<Step rID="T15">
<Obj plainTxt="False" ><![CDATA[Url: action-summary]]></Obj>
<Details plainTxt="False" ><![CDATA[<CENTER><STRONG><FONT COLOR=#009A63>Step completed successfully</FONT></STRONG></CENTER>]]></Details>
<Time><![CDATA[29-05-2024 - 12:05:15]]></Time>
<TimeTick>1716964515</TimeTick>
<NodeArgs eType="General" icon="8" nRep="18" status="Passed" >
<Disp><![CDATA[Url: action-summary]]></Disp>
<BtmPane vType="HTMLSNSH" >
<Path><![CDATA[\Iteration1\t7.inf]]></Path>
</BtmPane>
</NodeArgs>
</Step>
<Step rID="T16">
<Obj plainTxt="False" ><![CDATA[Url: shortcuts]]></Obj>
<Details plainTxt="False" ><![CDATA[<CENTER><STRONG><FONT COLOR=#009A63>Step completed successfully</FONT></STRONG></CENTER>]]></Details>
<Time><![CDATA[29-05-2024 - 12:05:16]]></Time>
<TimeTick>1716964516</TimeTick>
<NodeArgs eType="General" icon="8" nRep="19" status="Passed" >
<Disp><![CDATA[Url: shortcuts]]></Disp>
<BtmPane vType="HTMLSNSH" >
<Path><![CDATA[\Iteration1\t8.inf]]></Path>
</BtmPane>
</NodeArgs>
</Step>
<Step rID="T17">
<Obj plainTxt="False" ><![CDATA[Url: feed]]></Obj>
<Details plainTxt="False" ><![CDATA[<CENTER><STRONG><FONT COLOR=#009A63>Step completed successfully</FONT></STRONG></CENTER>]]></Details>
<Time><![CDATA[29-05-2024 - 12:05:17]]></Time>
<TimeTick>1716964517</TimeTick>
<NodeArgs eType="General" icon="8" nRep="20" status="Passed" >
<Disp><![CDATA[Url: feed]]></Disp>
<BtmPane vType="HTMLSNSH" >
<Path><![CDATA[\Iteration1\t9.inf]]></Path>
</BtmPane>
</NodeArgs>
</Step>
<Step rID="T18">
<Obj plainTxt="False" ><![CDATA[Url: leaves]]></Obj>
<Details plainTxt="False" ><![CDATA[<CENTER><STRONG><FONT COLOR=#009A63>Step completed successfully</FONT></STRONG></CENTER>]]></Details>
<Time><![CDATA[29-05-2024 - 12:05:19]]></Time>
<TimeTick>1716964519</TimeTick>
<NodeArgs eType="General" icon="8" nRep="21" status="Passed" >
<Disp><![CDATA[Url: leaves]]></Disp>
<BtmPane vType="HTMLSNSH" >
<Path><![CDATA[\Iteration1\t10.inf]]></Path>
</BtmPane>
</NodeArgs>
</Step>
<Step rID="T19">
<Obj plainTxt="False" ><![CDATA[Custom Request: push]]></Obj>
<Details plainTxt="False" ><![CDATA[<CENTER><STRONG><FONT COLOR=#009A63>Resource loaded successfully</FONT></STRONG></CENTER>]]></Details>
<Time><![CDATA[29-05-2024 - 12:05:21]]></Time>
<TimeTick>1716964521</TimeTick>
<NodeArgs eType="General" icon="10" nRep="22" status="Passed" >
<Disp><![CDATA[Custom Request: push]]></Disp>
</NodeArgs>
</Step>
<Step rID="T20">
<Obj plainTxt="False" ><![CDATA[Url: subunit]]></Obj>
<Details plainTxt="False" ><![CDATA[<CENTER><STRONG><FONT COLOR=#009A63>Step completed successfully</FONT></STRONG></CENTER>]]></Details>
<Time><![CDATA[29-05-2024 - 12:05:22]]></Time>
<TimeTick>1716964522</TimeTick>
<NodeArgs eType="General" icon="8" nRep="23" status="Passed" >
<Disp><![CDATA[Url: subunit]]></Disp>
<BtmPane vType="HTMLSNSH" >
<Path><![CDATA[\Iteration1\t12.inf]]></Path>
</BtmPane>
</NodeArgs>
</Step>
<Step rID="T21">
<Obj plainTxt="False" ><![CDATA[Url: locations]]></Obj>
<Details plainTxt="False" ><![CDATA[<CENTER><STRONG><FONT COLOR=#009A63>Step completed successfully</FONT></STRONG></CENTER>]]></Details>
<Time><![CDATA[29-05-2024 - 12:05:23]]></Time>
<TimeTick>1716964523</TimeTick>
<NodeArgs eType="General" icon="8" nRep="24" status="Passed" >
<Disp><![CDATA[Url: locations]]></Disp>
<BtmPane vType="HTMLSNSH" >
<Path><![CDATA[\Iteration1\t13.inf]]></Path>
</BtmPane>
</NodeArgs>
</Step>
<Summary sTime="29-05-2024 - 12:04:59" eTime="29-05-2024 - 12:05:23" passed="11" failed="0" warnings="0" ></Summary>
<NodeArgs eType="StartAction" icon="2" nRep="5" status="Passed" >
<Disp><![CDATA[vuser_init Summary]]></Disp>
</NodeArgs>
</Action>
<DIter rID="T22" iterID="1" >
<Action rID="T23">
<AName><![CDATA[Action]]></AName>
<Step rID="T24">
<Obj plainTxt="False" ><![CDATA[Service: Reg Find]]></Obj>
<Details plainTxt="False" ><![CDATA[<CENTER><STRONG><FONT COLOR=#00AF00>Text=EmployeeTimesheet</FONT></STRONG></CENTER>]]></Details>
<Time><![CDATA[29-05-2024 - 12:05:23]]></Time>
<TimeTick>1716964523</TimeTick>
<NodeArgs eType="General" icon="7" nRep="28" >
<Disp><![CDATA[Service: Reg Find]]></Disp>
</NodeArgs>
</Step>
<Step rID="T25">
<Obj plainTxt="False" ><![CDATA[Url: viewTimeModule]]></Obj>
<Details plainTxt="False" ><![CDATA[<CENTER><STRONG><FONT COLOR=#009A63>Step completed successfully</FONT></STRONG></CENTER>]]></Details>
<Time><![CDATA[29-05-2024 - 12:05:25]]></Time>
<TimeTick>1716964525</TimeTick>
<NodeArgs eType="General" icon="8" nRep="29" status="Passed" >
<Disp><![CDATA[Url: viewTimeModule]]></Disp>
<BtmPane vType="HTMLSNSH" >
<Path><![CDATA[\Iteration1\t14.inf]]></Path>
</BtmPane>
</NodeArgs>
</Step>
<Step rID="T26">
<Obj plainTxt="False" ><![CDATA[Url: clientBanner_2]]></Obj>
<Details plainTxt="False" ><![CDATA[<CENTER><STRONG><FONT COLOR=#009A63>Resource loaded successfully</FONT></STRONG></CENTER>]]></Details>
<Time><![CDATA[29-05-2024 - 12:05:26]]></Time>
<TimeTick>1716964526</TimeTick>
<NodeArgs eType="General" icon="8" nRep="30" status="Passed" >
<Disp><![CDATA[Url: clientBanner_2]]></Disp>
</NodeArgs>
</Step>
<Step rID="T27">
<Obj plainTxt="False" ><![CDATA[Url: 7_2]]></Obj>
<Details plainTxt="False" ><![CDATA[<CENTER><STRONG><FONT COLOR=#009A63>Resource of content type ""image/jpeg"" loaded successfully</FONT></STRONG></CENTER>]]></Details>
<Time><![CDATA[29-05-2024 - 12:05:27]]></Time>
<TimeTick>1716964527</TimeTick>
<NodeArgs eType="General" icon="8" nRep="31" status="Passed" >
<Disp><![CDATA[Url: 7_2]]></Disp>
</NodeArgs>
</Step>
<Step rID="T28">
<Obj plainTxt="False" ><![CDATA[Url: list]]></Obj>
<Details plainTxt="False" ><![CDATA[<CENTER><STRONG><FONT COLOR=#009A63>Step completed successfully</FONT></STRONG></CENTER>]]></Details>
<Time><![CDATA[29-05-2024 - 12:05:28]]></Time>
<TimeTick>1716964528</TimeTick>
<NodeArgs eType="General" icon="8" nRep="32" status="Passed" >
<Disp><![CDATA[Url: list]]></Disp>
<BtmPane vType="HTMLSNSH" >
<Path><![CDATA[\Iteration1\t17.inf]]></Path>
</BtmPane>
</NodeArgs>
</Step>
<Step rID="T29">
<Obj plainTxt="False" ><![CDATA[Url: clientLogo_2]]></Obj>
<Details plainTxt="False" ><![CDATA[<CENTER><STRONG><FONT COLOR=#009A63>Resource loaded successfully</FONT></STRONG></CENTER>]]></Details>
<Time><![CDATA[29-05-2024 - 12:05:29]]></Time>
<TimeTick>1716964529</TimeTick>
<NodeArgs eType="General" icon="8" nRep="33" status="Passed" >
<Disp><![CDATA[Url: clientLogo_2]]></Disp>
</NodeArgs>
</Step>
<Step rID="T30">
<Obj plainTxt="False" ><![CDATA[Service: Reg Find]]></Obj>
<Details plainTxt="False" ><![CDATA[<CENTER><STRONG><FONT COLOR=#00AF00>Text=OrangeHRM</FONT></STRONG></CENTER>]]></Details>
<Time><![CDATA[29-05-2024 - 12:05:29]]></Time>
<TimeTick>1716964529</TimeTick>
<NodeArgs eType="General" icon="7" nRep="34" >
<Disp><![CDATA[Service: Reg Find]]></Disp>
</NodeArgs>
</Step>
<Step rID="T31">
<Obj plainTxt="False" ><![CDATA[Url: 7_3]]></Obj>
<Details plainTxt="False" ><![CDATA[<CENTER><STRONG><FONT COLOR=#009A63>Step completed successfully</FONT></STRONG></CENTER>]]></Details>
<Time><![CDATA[29-05-2024 - 12:05:30]]></Time>
<TimeTick>1716964530</TimeTick>
<NodeArgs eType="General" icon="8" nRep="35" status="Passed" >
<Disp><![CDATA[Url: 7_3]]></Disp>
<BtmPane vType="HTMLSNSH" >
<Path><![CDATA[\Iteration1\t19.inf]]></Path>
</BtmPane>
</NodeArgs>
</Step>
<Step rID="T32">
<Obj plainTxt="False" ><![CDATA[Url: 7_4]]></Obj>
<Details plainTxt="False" ><![CDATA[<CENTER><STRONG><FONT COLOR=#009A63>Resource of content type ""image/jpeg"" loaded successfully</FONT></STRONG></CENTER>]]></Details>
<Time><![CDATA[29-05-2024 - 12:05:31]]></Time>
<TimeTick>1716964531</TimeTick>
<NodeArgs eType="General" icon="8" nRep="36" status="Passed" >
<Disp><![CDATA[Url: 7_4]]></Disp>
</NodeArgs>
</Step>
<Step rID="T33">
<Obj plainTxt="False" ><![CDATA[Url: default]]></Obj>
<Details plainTxt="False" ><![CDATA[<CENTER><STRONG><FONT COLOR=#009A63>Step completed successfully</FONT></STRONG></CENTER>]]></Details>
<Time><![CDATA[29-05-2024 - 12:05:33]]></Time>
<TimeTick>1716964533</TimeTick>
<NodeArgs eType="General" icon="8" nRep="37" status="Passed" >
<Disp><![CDATA[Url: default]]></Disp>
<BtmPane vType="HTMLSNSH" >
<Path><![CDATA[\Iteration1\t21.inf]]></Path>
</BtmPane>
</NodeArgs>
</Step>
<Summary sTime="29-05-2024 - 12:05:23" eTime="29-05-2024 - 12:05:33" passed="8" failed="0" warnings="0" ></Summary>
<NodeArgs eType="StartAction" icon="2" nRep="27" status="Passed" >
<Disp><![CDATA[Action Summary]]></Disp>
</NodeArgs>
</Action>
<NodeArgs eType="StartIteration" icon="11" nRep="26" status="Passed" >
<Disp><![CDATA[OrangeHRM_Time Iteration 1 (Row 1)]]></Disp>
</NodeArgs>
</DIter>
<Action rID="T34">
<AName><![CDATA[vuser_end]]></AName>
<Step rID="T35">
<Obj plainTxt="False" ><![CDATA[Service: Reg Find]]></Obj>
<Details plainTxt="False" ><![CDATA[<CENTER><STRONG><FONT COLOR=#00AF00>Text=login</FONT></STRONG></CENTER>]]></Details>
<Time><![CDATA[29-05-2024 - 12:05:33]]></Time>
<TimeTick>1716964533</TimeTick>
<NodeArgs eType="General" icon="7" nRep="41" >
<Disp><![CDATA[Service: Reg Find]]></Disp>
</NodeArgs>
</Step>
<Step rID="T36">
<Obj plainTxt="False" ><![CDATA[Url: logout]]></Obj>
<Details plainTxt="False" ><![CDATA[<CENTER><STRONG><FONT COLOR=#009A63>Step completed successfully</FONT></STRONG></CENTER>]]></Details>
<Time><![CDATA[29-05-2024 - 12:05:34]]></Time>
<TimeTick>1716964534</TimeTick>
<NodeArgs eType="General" icon="8" nRep="42" status="Passed" >
<Disp><![CDATA[Url: logout]]></Disp>
<BtmPane vType="HTMLSNSH" >
<Path><![CDATA[\Iteration1\t22.inf]]></Path>
</BtmPane>
</NodeArgs>
</Step>
<Summary sTime="29-05-2024 - 12:05:33" eTime="29-05-2024 - 12:05:35" passed="1" failed="0" warnings="0" ></Summary>
<NodeArgs eType="StartAction" icon="2" nRep="40" status="Passed" >
<Disp><![CDATA[vuser_end Summary]]></Disp>
</NodeArgs>
</Action>
<Summary sTime="29-05-2024 - 12:04:59" eTime="29-05-2024 - 12:05:35" passed="20" failed="0" warnings="0" ></Summary>
<NodeArgs eType="StartTest" icon="1" nRep="4" status="Passed" >
<Disp><![CDATA[Test OrangeHRM_Time Summary]]></Disp>
</NodeArgs>
</Doc>
</Report>