﻿<?xml version="1.0"?>
<!DOCTYPE Report
[
<!ELEMENT Report (General ,(Doc|BPT)) >
<!ATTLIST Report ver CDATA #REQUIRED tmZone CDATA #REQUIRED>

<!ELEMENT General ( DocLocation ) >
<!ATTLIST General productName CDATA #REQUIRED productVer CDATA #REQUIRED os CDATA #REQUIRED host CDATA #REQUIRED qcserver CDATA #IMPLIED qcproject CDATA #IMPLIED SolManSolutionId CDATA #IMPLIED SolManProjectId CDATA #IMPLIED SolManTestPlanId CDATA #IMPLIED SolManTestPackageId CDATA #IMPLIED SolManUserInfoData CDATA #IMPLIED  >

<!ELEMENT BPT (DName,Res,DVer?,TSet?,TInst?,NodeArgs,AdditionalInfo*,Doc*) >
<!ATTLIST BPT rID ID #REQUIRED >

<!ELEMENT Doc (DName,ConfName?,Res,DVer?,TSet?,TInst?,RunType?,DT?,AdditionalInfo*,Step*,DIter*,Step*,Action*,Doc*,Summary?,TestMaintenanceSummary*,NodeArgs?) >
<!ATTLIST Doc rID ID #REQUIRED type (Test|BC|BPTWrapperTest|Flow|Group|Action) "Test" productName CDATA #REQUIRED BCIter CDATA #IMPLIED >

<!ELEMENT RunType ( #PCDATA )>
<!ATTLIST RunType fmStep (False|True) "False" batch (False|True) "False" upDesc (False|True) "False" upChk (False|True) "False" upAS (False|True) "False">

<!ELEMENT DName ( #PCDATA ) >

<!ELEMENT ConfName ( #PCDATA ) >

<!ELEMENT Res ( #PCDATA ) >

<!ELEMENT AdditionalInfo (AdditionalDataName,AdditionalDataValue ) >

<!ELEMENT AdditionalDataName ( #PCDATA ) >

<!ELEMENT AdditionalDataValue ( #PCDATA ) >

<!ELEMENT DVer ( #PCDATA ) >

<!ELEMENT TSet ( #PCDATA ) >

<!ELEMENT TInst ( #PCDATA ) >

<!ELEMENT DIter (Step*,Action+,Summary?,NodeArgs)>
<!ATTLIST DIter rID ID #REQUIRED iterID CDATA #REQUIRED>

<!ELEMENT DocLocation ( #PCDATA )>

<!ELEMENT Action (AName,AIter*,(Step|HtmlStep|Action)*, Summary,ActionMaintenanceSummary*, NodeArgs ) >
<!ATTLIST Action rID ID #REQUIRED>

<!ELEMENT AIter ((Step|HtmlStep|Action)*,DataMapping?, Summary?,NodeArgs) >
<!ATTLIST AIter rID ID #REQUIRED iterID CDATA #REQUIRED isCountable (False|True) "False" >

<!ELEMENT AName ( #PCDATA ) >

<!ELEMENT TestMaintenanceSummary (ActionMaintenanceSummary*) >
<!ATTLIST TestMaintenanceSummary ObjectsAdded CDATA #REQUIRED ObjectsUpdated CDATA #REQUIRED StepsUpdated CDATA #REQUIRED StepsComments CDATA #REQUIRED><!ELEMENT ActionMaintenanceSummary (ObjectChange* ) >
<!ATTLIST ActionMaintenanceSummary Action CDATA #REQUIRED Objects CDATA #REQUIRED Updated CDATA #REQUIRED LinesTotal CDATA #REQUIRED Added CDATA #REQUIRED LinesUpdated CDATA #REQUIRED>

<!ELEMENT ObjectChange  (Hierarchy, PropertyChangeList* ) >
<!ATTLIST ObjectChange Operation CDATA #IMPLIED OriginalRepository CDATA #IMPLIED>

<!ELEMENT PropertyChangeList (PropertyDef*) >

<!ELEMENT PropertyDef (OriginalValue, NewValue) >
<!ATTLIST PropertyDef PropName CDATA #REQUIRED OriginRegularExpression (True|False) "False" NewRegularExpression (True|False) "False" AddedProperty (True|False) "False" >

<!ELEMENT OriginalValue ( #PCDATA )>

<!ELEMENT NewValue ( #PCDATA )>

<!ELEMENT Hierarchy  (ObjectName, Hierarchy*) >
<!ATTLIST Hierarchy MicClass CDATA #REQUIRED>

<!ELEMENT ObjectName  ( #PCDATA ) >

<!ELEMENT Step (Obj,Details,Time,TimeTick* ,(Step|HtmlStep|Doc)*, DataMapping?, NodeArgs) >
<!ATTLIST Step rID ID #REQUIRED retval CDATA #IMPLIED>

<!ELEMENT HtmlStep (HTML,TimeTick*,(Step|HtmlStep|Doc)*,NodeArgs) >
<!ATTLIST HtmlStep rID ID #REQUIRED >

<!ELEMENT Obj ( #PCDATA ) >
<!ATTLIST Obj plainTxt (False|True) "True">

<!ELEMENT Details ( #PCDATA ) >
<!ATTLIST Details plainTxt (False|True) "True">

<!ELEMENT Time ( #PCDATA ) >

<!ELEMENT HTML ( #PCDATA ) >

<!ELEMENT Disp ( #PCDATA ) >

<!ELEMENT TimeTick ( #PCDATA ) >

<!ELEMENT DataMapping ( DataMappedItem* )>
<!ELEMENT DataMappedItem EMPTY >
<!ATTLIST DataMappedItem dsName CDATA #REQUIRED >
<!ATTLIST DataMappedItem rowId CDATA #REQUIRED >

<!ELEMENT NodeArgs (Disp,TopPane?,BtmPane?,ExtendedInfo? )>
<!ATTLIST NodeArgs eType CDATA #REQUIRED icon CDATA #REQUIRED nRep CDATA #REQUIRED UserNote CDATA #IMPLIED filter (False|True) "True">
<!ATTLIST NodeArgs status (Passed|Failed|Done|Warning|Information) "Done">
<!ATTLIST NodeArgs iconSel CDATA #IMPLIED nType CDATA #IMPLIED MovieMarker CDATA "">
<!ATTLIST NodeArgs Source CDATA #IMPLIED SourceLine CDATA #IMPLIED StepFlowItemKey CDATA #IMPLIED >

<!ELEMENT TopPane (Path)>

<!ELEMENT BtmPane ( (Path|WR)?,ASHilite?)>
<!ATTLIST BtmPane vType CDATA "HTML">

<!ELEMENT Path ( #PCDATA ) >

<!ELEMENT ASHilite ( #PCDATA ) >

<!ELEMENT WR ( #PCDATA ) >

<!ELEMENT ExtendedInfo ( StepData ) >

<!ATTLIST ExtendedInfo StepType CDATA #REQUIRED>
<!ELEMENT DT (NodeArgs) >
<!ATTLIST DT rID ID #REQUIRED>

<!ELEMENT Summary (Param*)>
<!ATTLIST Summary sTime CDATA #IMPLIED eTime CDATA #IMPLIED passed CDATA #IMPLIED failed CDATA #IMPLIED warnings CDATA #IMPLIED retval CDATA #IMPLIED stopped (False|True) "False" >

<!ELEMENT Param (ParamName,ParamVal)+ >
<!ATTLIST Param paramInOut (In|Out) "In">

<!ELEMENT ParamName ( #PCDATA ) >

<!ELEMENT ParamVal ( #PCDATA ) >

]
>
<Report ver="2.0" tmZone="India Standard Time">
<General productName="Vugen" productVer="2021" os="" host="LAPTOP-DN4LME04"><DocLocation><![CDATA[C:\Users\hp\Desktop\New CRM Scripts\OrangeHRM_MyClaims]]></DocLocation></General>
<Doc rID="T1"   productName= "Vugen"  >
<DName><![CDATA[OrangeHRM_MyClaims]]></DName>
<Res><![CDATA[result1]]></Res>
<Action rID="T2">
<AName><![CDATA[vuser_init]]></AName>
<Step rID="T3">
<Obj plainTxt="False" ><![CDATA[Service: Cache Cleanup]]></Obj>
<Details plainTxt="False" ><![CDATA[<CENTER>Clear the contents of the cache simulator</CENTER>]]></Details>
<Time><![CDATA[29-05-2024 - 12:02:45]]></Time>
<TimeTick>1716964365</TimeTick>
<NodeArgs eType="General" icon="3" nRep="6" >
<Disp><![CDATA[Service: Cache Cleanup]]></Disp>
</NodeArgs>
</Step>
<Step rID="T4">
<Obj plainTxt="False" ><![CDATA[Service: Cleanup Cookies]]></Obj>
<Details plainTxt="False" ><![CDATA[<CENTER>Remove all the cookies that are currently stored by the Vuser</CENTER>]]></Details>
<Time><![CDATA[29-05-2024 - 12:02:45]]></Time>
<TimeTick>1716964365</TimeTick>
<NodeArgs eType="General" icon="4" nRep="7" >
<Disp><![CDATA[Service: Cleanup Cookies]]></Disp>
</NodeArgs>
</Step>
<Step rID="T5">
<Obj plainTxt="False" ><![CDATA[Service: Set Sockets Option]]></Obj>
<Details plainTxt="False" ><![CDATA[<CENTER>Set socket option <STRONG><FONT COLOR=#00AF00>SSL_VERSION</FONT></STRONG> with value <STRONG><FONT COLOR=#00AF00>AUTO</FONT></STRONG></CENTER>]]></Details>
<Time><![CDATA[29-05-2024 - 12:02:45]]></Time>
<TimeTick>1716964365</TimeTick>
<NodeArgs eType="General" icon="5" nRep="8" >
<Disp><![CDATA[Service: Set Sockets Option]]></Disp>
</NodeArgs>
</Step>
<Step rID="T6">
<Obj plainTxt="False" ><![CDATA[Service: Set Max Html Param Len]]></Obj>
<Details plainTxt="False" ><![CDATA[<CENTER>Maximum length of a HTML string that can be retrieved and saved set to <STRONG><FONT COLOR=#00AF00>999999</FONT></STRONG> characters</CENTER>]]></Details>
<Time><![CDATA[29-05-2024 - 12:02:45]]></Time>
<TimeTick>1716964365</TimeTick>
<NodeArgs eType="General" icon="6" nRep="9" >
<Disp><![CDATA[Service: Set Max Html Param Len]]></Disp>
</NodeArgs>
</Step>
<Step rID="T7">
<Obj plainTxt="False" ><![CDATA[Service: Set Sockets Option]]></Obj>
<Details plainTxt="False" ><![CDATA[<CENTER>Set socket option <STRONG><FONT COLOR=#00AF00>TLS_SNI</FONT></STRONG> with value <STRONG><FONT COLOR=#00AF00>0</FONT></STRONG></CENTER>]]></Details>
<Time><![CDATA[29-05-2024 - 12:02:45]]></Time>
<TimeTick>1716964365</TimeTick>
<NodeArgs eType="General" icon="5" nRep="10" >
<Disp><![CDATA[Service: Set Sockets Option]]></Disp>
</NodeArgs>
</Step>
<Step rID="T8">
<Obj plainTxt="False" ><![CDATA[Service: Reg Save Param RegExp]]></Obj>
<Details plainTxt="False" ><![CDATA[<CENTER>ParamName = <STRONG><FONT COLOR=#00AF00>_token</FONT></STRONG><BR>RegExp = <STRONG><FONT COLOR=#00AF00>quot;(.*?)&quot</FONT></STRONG><BR>Instance = <STRONG><FONT COLOR=#00AF00>[param not passed in call]</FONT></STRONG></CENTER>]]></Details>
<Time><![CDATA[29-05-2024 - 12:02:45]]></Time>
<TimeTick>1716964365</TimeTick>
<NodeArgs eType="General" icon="7" nRep="11" >
<Disp><![CDATA[Service: Reg Save Param RegExp]]></Disp>
</NodeArgs>
</Step>
<Step rID="T9">
<Obj plainTxt="False" ><![CDATA[Service: Reg Save Param RegExp]]></Obj>
<Details plainTxt="False" ><![CDATA[<CENTER>ParamName = <STRONG><FONT COLOR=#00AF00>v</FONT></STRONG><BR>RegExp = <STRONG><FONT COLOR=#00AF00>href="/web/dist/favicon\.ico\?v=(.*?)">\
\ \ \ \ </FONT></STRONG><BR>Instance = <STRONG><FONT COLOR=#00AF00>[param not passed in call]</FONT></STRONG></CENTER>]]></Details>
<Time><![CDATA[29-05-2024 - 12:02:45]]></Time>
<TimeTick>1716964365</TimeTick>
<NodeArgs eType="General" icon="7" nRep="12" >
<Disp><![CDATA[Service: Reg Save Param RegExp]]></Disp>
</NodeArgs>
</Step>
<Step rID="T10">
<Obj plainTxt="False" ><![CDATA[Service: Reg Find]]></Obj>
<Details plainTxt="False" ><![CDATA[<CENTER><STRONG><FONT COLOR=#00AF00>Text=orangehrm</FONT></STRONG></CENTER>]]></Details>
<Time><![CDATA[29-05-2024 - 12:02:45]]></Time>
<TimeTick>1716964365</TimeTick>
<NodeArgs eType="General" icon="8" nRep="13" >
<Disp><![CDATA[Service: Reg Find]]></Disp>
</NodeArgs>
</Step>
<Step rID="T11">
<Obj plainTxt="False" ><![CDATA[Url: opensource-demo.orangehrmlive.com]]></Obj>
<Details plainTxt="False" ><![CDATA[<CENTER><STRONG><FONT COLOR=#009A63>Step completed successfully</FONT></STRONG></CENTER>]]></Details>
<Time><![CDATA[29-05-2024 - 12:02:48]]></Time>
<TimeTick>1716964368</TimeTick>
<NodeArgs eType="General" icon="9" nRep="14" status="Passed" >
<Disp><![CDATA[Url: opensource-demo.orangehrmlive.com]]></Disp>
<BtmPane vType="HTMLSNSH" >
<Path><![CDATA[\Iteration1\t3.inf]]></Path>
</BtmPane>
</NodeArgs>
</Step>
<Step rID="T12">
<Obj plainTxt="False" ><![CDATA[Service: Reg Find]]></Obj>
<Details plainTxt="False" ><![CDATA[<CENTER><STRONG><FONT COLOR=#00AF00>Text=Redirecting</FONT></STRONG></CENTER>]]></Details>
<Time><![CDATA[29-05-2024 - 12:02:48]]></Time>
<TimeTick>1716964368</TimeTick>
<NodeArgs eType="General" icon="8" nRep="15" >
<Disp><![CDATA[Service: Reg Find]]></Disp>
</NodeArgs>
</Step>
<Step rID="T13">
<Obj plainTxt="False" ><![CDATA[Submit Data: validate]]></Obj>
<Details plainTxt="False" ><![CDATA[<CENTER><STRONG><FONT COLOR=#009A63>Step completed successfully</FONT></STRONG></CENTER>]]></Details>
<Time><![CDATA[29-05-2024 - 12:02:50]]></Time>
<TimeTick>1716964370</TimeTick>
<NodeArgs eType="General" icon="10" nRep="16" status="Passed" >
<Disp><![CDATA[Submit Data: validate]]></Disp>
<BtmPane vType="HTMLSNSH" >
<Path><![CDATA[\Iteration1\t4.inf]]></Path>
</BtmPane>
</NodeArgs>
</Step>
<Step rID="T14">
<Obj plainTxt="False" ><![CDATA[Url: messages_2]]></Obj>
<Details plainTxt="False" ><![CDATA[<CENTER><STRONG><FONT COLOR=#009A63>Step completed successfully</FONT></STRONG></CENTER>]]></Details>
<Time><![CDATA[29-05-2024 - 12:02:54]]></Time>
<TimeTick>1716964374</TimeTick>
<NodeArgs eType="General" icon="9" nRep="17" status="Passed" >
<Disp><![CDATA[Url: messages_2]]></Disp>
<BtmPane vType="HTMLSNSH" >
<Path><![CDATA[\Iteration1\t5.inf]]></Path>
</BtmPane>
</NodeArgs>
</Step>
<Step rID="T15">
<Obj plainTxt="False" ><![CDATA[Url: time-at-work]]></Obj>
<Details plainTxt="False" ><![CDATA[<CENTER><STRONG><FONT COLOR=#009A63>Step completed successfully</FONT></STRONG></CENTER>]]></Details>
<Time><![CDATA[29-05-2024 - 12:02:55]]></Time>
<TimeTick>1716964375</TimeTick>
<NodeArgs eType="General" icon="9" nRep="18" status="Passed" >
<Disp><![CDATA[Url: time-at-work]]></Disp>
<BtmPane vType="HTMLSNSH" >
<Path><![CDATA[\Iteration1\t6.inf]]></Path>
</BtmPane>
</NodeArgs>
</Step>
<Step rID="T16">
<Obj plainTxt="False" ><![CDATA[Url: action-summary]]></Obj>
<Details plainTxt="False" ><![CDATA[<CENTER><STRONG><FONT COLOR=#009A63>Step completed successfully</FONT></STRONG></CENTER>]]></Details>
<Time><![CDATA[29-05-2024 - 12:02:55]]></Time>
<TimeTick>1716964375</TimeTick>
<NodeArgs eType="General" icon="9" nRep="19" status="Passed" >
<Disp><![CDATA[Url: action-summary]]></Disp>
<BtmPane vType="HTMLSNSH" >
<Path><![CDATA[\Iteration1\t7.inf]]></Path>
</BtmPane>
</NodeArgs>
</Step>
<Step rID="T17">
<Obj plainTxt="False" ><![CDATA[Url: shortcuts]]></Obj>
<Details plainTxt="False" ><![CDATA[<CENTER><STRONG><FONT COLOR=#009A63>Step completed successfully</FONT></STRONG></CENTER>]]></Details>
<Time><![CDATA[29-05-2024 - 12:02:56]]></Time>
<TimeTick>1716964376</TimeTick>
<NodeArgs eType="General" icon="9" nRep="20" status="Passed" >
<Disp><![CDATA[Url: shortcuts]]></Disp>
<BtmPane vType="HTMLSNSH" >
<Path><![CDATA[\Iteration1\t8.inf]]></Path>
</BtmPane>
</NodeArgs>
</Step>
<Step rID="T18">
<Obj plainTxt="False" ><![CDATA[Url: feed]]></Obj>
<Details plainTxt="False" ><![CDATA[<CENTER><STRONG><FONT COLOR=#009A63>Step completed successfully</FONT></STRONG></CENTER>]]></Details>
<Time><![CDATA[29-05-2024 - 12:02:56]]></Time>
<TimeTick>1716964376</TimeTick>
<NodeArgs eType="General" icon="9" nRep="21" status="Passed" >
<Disp><![CDATA[Url: feed]]></Disp>
<BtmPane vType="HTMLSNSH" >
<Path><![CDATA[\Iteration1\t9.inf]]></Path>
</BtmPane>
</NodeArgs>
</Step>
<Step rID="T19">
<Obj plainTxt="False" ><![CDATA[Url: leaves]]></Obj>
<Details plainTxt="False" ><![CDATA[<CENTER><STRONG><FONT COLOR=#009A63>Step completed successfully</FONT></STRONG></CENTER>]]></Details>
<Time><![CDATA[29-05-2024 - 12:02:57]]></Time>
<TimeTick>1716964377</TimeTick>
<NodeArgs eType="General" icon="9" nRep="22" status="Passed" >
<Disp><![CDATA[Url: leaves]]></Disp>
<BtmPane vType="HTMLSNSH" >
<Path><![CDATA[\Iteration1\t10.inf]]></Path>
</BtmPane>
</NodeArgs>
</Step>
<Step rID="T20">
<Obj plainTxt="False" ><![CDATA[Custom Request: push]]></Obj>
<Details plainTxt="False" ><![CDATA[<CENTER><STRONG><FONT COLOR=#009A63>Resource loaded successfully</FONT></STRONG></CENTER>]]></Details>
<Time><![CDATA[29-05-2024 - 12:02:58]]></Time>
<TimeTick>1716964378</TimeTick>
<NodeArgs eType="General" icon="11" nRep="23" status="Passed" >
<Disp><![CDATA[Custom Request: push]]></Disp>
</NodeArgs>
</Step>
<Step rID="T21">
<Obj plainTxt="False" ><![CDATA[Url: subunit]]></Obj>
<Details plainTxt="False" ><![CDATA[<CENTER><STRONG><FONT COLOR=#009A63>Step completed successfully</FONT></STRONG></CENTER>]]></Details>
<Time><![CDATA[29-05-2024 - 12:02:59]]></Time>
<TimeTick>1716964379</TimeTick>
<NodeArgs eType="General" icon="9" nRep="24" status="Passed" >
<Disp><![CDATA[Url: subunit]]></Disp>
<BtmPane vType="HTMLSNSH" >
<Path><![CDATA[\Iteration1\t12.inf]]></Path>
</BtmPane>
</NodeArgs>
</Step>
<Step rID="T22">
<Obj plainTxt="False" ><![CDATA[Url: locations]]></Obj>
<Details plainTxt="False" ><![CDATA[<CENTER><STRONG><FONT COLOR=#009A63>Step completed successfully</FONT></STRONG></CENTER>]]></Details>
<Time><![CDATA[29-05-2024 - 12:02:59]]></Time>
<TimeTick>1716964379</TimeTick>
<NodeArgs eType="General" icon="9" nRep="25" status="Passed" >
<Disp><![CDATA[Url: locations]]></Disp>
<BtmPane vType="HTMLSNSH" >
<Path><![CDATA[\Iteration1\t13.inf]]></Path>
</BtmPane>
</NodeArgs>
</Step>
<Summary sTime="29-05-2024 - 12:02:45" eTime="29-05-2024 - 12:02:59" passed="11" failed="0" warnings="0" ></Summary>
<NodeArgs eType="StartAction" icon="2" nRep="5" status="Passed" >
<Disp><![CDATA[vuser_init Summary]]></Disp>
</NodeArgs>
</Action>
<DIter rID="T23" iterID="1" >
<Action rID="T24">
<AName><![CDATA[Action]]></AName>
<Step rID="T25">
<Obj plainTxt="False" ><![CDATA[Service: Reg Find]]></Obj>
<Details plainTxt="False" ><![CDATA[<CENTER><STRONG><FONT COLOR=#00AF00>Text=AssignClaim</FONT></STRONG></CENTER>]]></Details>
<Time><![CDATA[29-05-2024 - 12:02:59]]></Time>
<TimeTick>1716964379</TimeTick>
<NodeArgs eType="General" icon="8" nRep="29" >
<Disp><![CDATA[Service: Reg Find]]></Disp>
</NodeArgs>
</Step>
<Step rID="T26">
<Obj plainTxt="False" ><![CDATA[Url: viewClaimModule]]></Obj>
<Details plainTxt="False" ><![CDATA[<CENTER><STRONG><FONT COLOR=#009A63>Step completed successfully</FONT></STRONG></CENTER>]]></Details>
<Time><![CDATA[29-05-2024 - 12:03:00]]></Time>
<TimeTick>1716964380</TimeTick>
<NodeArgs eType="General" icon="9" nRep="30" status="Passed" >
<Disp><![CDATA[Url: viewClaimModule]]></Disp>
<BtmPane vType="HTMLSNSH" >
<Path><![CDATA[\Iteration1\t14.inf]]></Path>
</BtmPane>
</NodeArgs>
</Step>
<Step rID="T27">
<Obj plainTxt="False" ><![CDATA[Url: 7]]></Obj>
<Details plainTxt="False" ><![CDATA[<CENTER><STRONG><FONT COLOR=#009A63>Resource of content type ""image/jpeg"" loaded successfully</FONT></STRONG></CENTER>]]></Details>
<Time><![CDATA[29-05-2024 - 12:03:01]]></Time>
<TimeTick>1716964381</TimeTick>
<NodeArgs eType="General" icon="9" nRep="31" status="Passed" >
<Disp><![CDATA[Url: 7]]></Disp>
</NodeArgs>
</Step>
<Step rID="T28">
<Obj plainTxt="False" ><![CDATA[Url: requests]]></Obj>
<Details plainTxt="False" ><![CDATA[<CENTER><STRONG><FONT COLOR=#009A63>Step completed successfully</FONT></STRONG></CENTER>]]></Details>
<Time><![CDATA[29-05-2024 - 12:03:01]]></Time>
<TimeTick>1716964381</TimeTick>
<NodeArgs eType="General" icon="9" nRep="32" status="Passed" >
<Disp><![CDATA[Url: requests]]></Disp>
<BtmPane vType="HTMLSNSH" >
<Path><![CDATA[\Iteration1\t16.inf]]></Path>
</BtmPane>
</NodeArgs>
</Step>
<Step rID="T29">
<Obj plainTxt="False" ><![CDATA[Url: events]]></Obj>
<Details plainTxt="False" ><![CDATA[<CENTER><STRONG><FONT COLOR=#009A63>Step completed successfully</FONT></STRONG></CENTER>]]></Details>
<Time><![CDATA[29-05-2024 - 12:03:02]]></Time>
<TimeTick>1716964382</TimeTick>
<NodeArgs eType="General" icon="9" nRep="33" status="Passed" >
<Disp><![CDATA[Url: events]]></Disp>
<BtmPane vType="HTMLSNSH" >
<Path><![CDATA[\Iteration1\t17.inf]]></Path>
</BtmPane>
</NodeArgs>
</Step>
<Step rID="T30">
<Obj plainTxt="False" ><![CDATA[Service: Reg Find]]></Obj>
<Details plainTxt="False" ><![CDATA[<CENTER><STRONG><FONT COLOR=#00AF00>Text=OrangeHRM</FONT></STRONG></CENTER>]]></Details>
<Time><![CDATA[29-05-2024 - 12:03:02]]></Time>
<TimeTick>1716964382</TimeTick>
<NodeArgs eType="General" icon="8" nRep="34" >
<Disp><![CDATA[Service: Reg Find]]></Disp>
</NodeArgs>
</Step>
<Step rID="T31">
<Obj plainTxt="False" ><![CDATA[Url: viewClaim]]></Obj>
<Details plainTxt="False" ><![CDATA[<CENTER><STRONG><FONT COLOR=#009A63>Step completed successfully</FONT></STRONG></CENTER>]]></Details>
<Time><![CDATA[29-05-2024 - 12:03:03]]></Time>
<TimeTick>1716964383</TimeTick>
<NodeArgs eType="General" icon="9" nRep="35" status="Passed" >
<Disp><![CDATA[Url: viewClaim]]></Disp>
<BtmPane vType="HTMLSNSH" >
<Path><![CDATA[\Iteration1\t18.inf]]></Path>
</BtmPane>
</NodeArgs>
</Step>
<Step rID="T32">
<Obj plainTxt="False" ><![CDATA[Url: 7_2]]></Obj>
<Details plainTxt="False" ><![CDATA[<CENTER><STRONG><FONT COLOR=#009A63>Resource of content type ""image/jpeg"" loaded successfully</FONT></STRONG></CENTER>]]></Details>
<Time><![CDATA[29-05-2024 - 12:03:04]]></Time>
<TimeTick>1716964384</TimeTick>
<NodeArgs eType="General" icon="9" nRep="36" status="Passed" >
<Disp><![CDATA[Url: 7_2]]></Disp>
</NodeArgs>
</Step>
<Step rID="T33">
<Obj plainTxt="False" ><![CDATA[Url: requests_2]]></Obj>
<Details plainTxt="False" ><![CDATA[<CENTER><STRONG><FONT COLOR=#009A63>Step completed successfully</FONT></STRONG></CENTER>]]></Details>
<Time><![CDATA[29-05-2024 - 12:03:04]]></Time>
<TimeTick>1716964384</TimeTick>
<NodeArgs eType="General" icon="9" nRep="37" status="Passed" >
<Disp><![CDATA[Url: requests_2]]></Disp>
<BtmPane vType="HTMLSNSH" >
<Path><![CDATA[\Iteration1\t20.inf]]></Path>
</BtmPane>
</NodeArgs>
</Step>
<Step rID="T34">
<Obj plainTxt="False" ><![CDATA[Url: events_2]]></Obj>
<Details plainTxt="False" ><![CDATA[<CENTER><STRONG><FONT COLOR=#009A63>Step completed successfully</FONT></STRONG></CENTER>]]></Details>
<Time><![CDATA[29-05-2024 - 12:03:05]]></Time>
<TimeTick>1716964385</TimeTick>
<NodeArgs eType="General" icon="9" nRep="38" status="Passed" >
<Disp><![CDATA[Url: events_2]]></Disp>
<BtmPane vType="HTMLSNSH" >
<Path><![CDATA[\Iteration1\t21.inf]]></Path>
</BtmPane>
</NodeArgs>
</Step>
<Step rID="T35">
<Obj plainTxt="False" ><![CDATA[Service: Reg Find]]></Obj>
<Details plainTxt="False" ><![CDATA[<CENTER><STRONG><FONT COLOR=#00AF00>Text=OrangeHRM</FONT></STRONG></CENTER>]]></Details>
<Time><![CDATA[29-05-2024 - 12:03:05]]></Time>
<TimeTick>1716964385</TimeTick>
<NodeArgs eType="General" icon="8" nRep="39" >
<Disp><![CDATA[Service: Reg Find]]></Disp>
</NodeArgs>
</Step>
<Step rID="T36">
<Obj plainTxt="False" ><![CDATA[Url: 3]]></Obj>
<Details plainTxt="False" ><![CDATA[<CENTER><STRONG><FONT COLOR=#009A63>Step completed successfully</FONT></STRONG></CENTER>]]></Details>
<Time><![CDATA[29-05-2024 - 12:03:06]]></Time>
<TimeTick>1716964386</TimeTick>
<NodeArgs eType="General" icon="9" nRep="40" status="Passed" >
<Disp><![CDATA[Url: 3]]></Disp>
<BtmPane vType="HTMLSNSH" >
<Path><![CDATA[\Iteration1\t22.inf]]></Path>
</BtmPane>
</NodeArgs>
</Step>
<Step rID="T37">
<Obj plainTxt="False" ><![CDATA[Url: 7_3]]></Obj>
<Details plainTxt="False" ><![CDATA[<CENTER><STRONG><FONT COLOR=#009A63>Resource of content type ""image/jpeg"" loaded successfully</FONT></STRONG></CENTER>]]></Details>
<Time><![CDATA[29-05-2024 - 12:03:06]]></Time>
<TimeTick>1716964386</TimeTick>
<NodeArgs eType="General" icon="9" nRep="41" status="Passed" >
<Disp><![CDATA[Url: 7_3]]></Disp>
</NodeArgs>
</Step>
<Step rID="T38">
<Obj plainTxt="False" ><![CDATA[Url: 3_2]]></Obj>
<Details plainTxt="False" ><![CDATA[<CENTER><STRONG><FONT COLOR=#009A63>Step completed successfully</FONT></STRONG></CENTER>]]></Details>
<Time><![CDATA[29-05-2024 - 12:03:07]]></Time>
<TimeTick>1716964387</TimeTick>
<NodeArgs eType="General" icon="9" nRep="42" status="Passed" >
<Disp><![CDATA[Url: 3_2]]></Disp>
<BtmPane vType="HTMLSNSH" >
<Path><![CDATA[\Iteration1\t24.inf]]></Path>
</BtmPane>
</NodeArgs>
</Step>
<Step rID="T39">
<Obj plainTxt="False" ><![CDATA[Url: expenses]]></Obj>
<Details plainTxt="False" ><![CDATA[<CENTER><STRONG><FONT COLOR=#009A63>Step completed successfully</FONT></STRONG></CENTER>]]></Details>
<Time><![CDATA[29-05-2024 - 12:03:08]]></Time>
<TimeTick>1716964388</TimeTick>
<NodeArgs eType="General" icon="9" nRep="43" status="Passed" >
<Disp><![CDATA[Url: expenses]]></Disp>
<BtmPane vType="HTMLSNSH" >
<Path><![CDATA[\Iteration1\t25.inf]]></Path>
</BtmPane>
</NodeArgs>
</Step>
<Step rID="T40">
<Obj plainTxt="False" ><![CDATA[Url: attachments]]></Obj>
<Details plainTxt="False" ><![CDATA[<CENTER><STRONG><FONT COLOR=#009A63>Step completed successfully</FONT></STRONG></CENTER>]]></Details>
<Time><![CDATA[29-05-2024 - 12:03:08]]></Time>
<TimeTick>1716964388</TimeTick>
<NodeArgs eType="General" icon="9" nRep="44" status="Passed" >
<Disp><![CDATA[Url: attachments]]></Disp>
<BtmPane vType="HTMLSNSH" >
<Path><![CDATA[\Iteration1\t26.inf]]></Path>
</BtmPane>
</NodeArgs>
</Step>
<Summary sTime="29-05-2024 - 12:02:59" eTime="29-05-2024 - 12:03:08" passed="13" failed="0" warnings="0" ></Summary>
<NodeArgs eType="StartAction" icon="2" nRep="28" status="Passed" >
<Disp><![CDATA[Action Summary]]></Disp>
</NodeArgs>
</Action>
<NodeArgs eType="StartIteration" icon="12" nRep="27" status="Passed" >
<Disp><![CDATA[OrangeHRM_MyClaims Iteration 1 (Row 1)]]></Disp>
</NodeArgs>
</DIter>
<Action rID="T41">
<AName><![CDATA[vuser_end]]></AName>
<Step rID="T42">
<Obj plainTxt="False" ><![CDATA[Service: Reg Find]]></Obj>
<Details plainTxt="False" ><![CDATA[<CENTER><STRONG><FONT COLOR=#00AF00>Text=login</FONT></STRONG></CENTER>]]></Details>
<Time><![CDATA[29-05-2024 - 12:03:08]]></Time>
<TimeTick>1716964388</TimeTick>
<NodeArgs eType="General" icon="8" nRep="48" >
<Disp><![CDATA[Service: Reg Find]]></Disp>
</NodeArgs>
</Step>
<Step rID="T43">
<Obj plainTxt="False" ><![CDATA[Url: logout]]></Obj>
<Details plainTxt="False" ><![CDATA[<CENTER><STRONG><FONT COLOR=#009A63>Step completed successfully</FONT></STRONG></CENTER>]]></Details>
<Time><![CDATA[29-05-2024 - 12:03:09]]></Time>
<TimeTick>1716964389</TimeTick>
<NodeArgs eType="General" icon="9" nRep="49" status="Passed" >
<Disp><![CDATA[Url: logout]]></Disp>
<BtmPane vType="HTMLSNSH" >
<Path><![CDATA[\Iteration1\t27.inf]]></Path>
</BtmPane>
</NodeArgs>
</Step>
<Summary sTime="29-05-2024 - 12:03:08" eTime="29-05-2024 - 12:03:09" passed="1" failed="0" warnings="0" ></Summary>
<NodeArgs eType="StartAction" icon="2" nRep="47" status="Passed" >
<Disp><![CDATA[vuser_end Summary]]></Disp>
</NodeArgs>
</Action>
<Summary sTime="29-05-2024 - 12:02:45" eTime="29-05-2024 - 12:03:09" passed="25" failed="0" warnings="0" ></Summary>
<NodeArgs eType="StartTest" icon="1" nRep="4" status="Passed" >
<Disp><![CDATA[Test OrangeHRM_MyClaims Summary]]></Disp>
</NodeArgs>
</Doc>
</Report>