{"data":[{"id":21,"post":{"id":19},"type":"text","liked":true,"text":"Hai Again","employee":{"empNumber":7,"lastName":"CalCalder\u00f3n","firstName":"TeMateo","middleName":"LLoayza","employeeId":"muser","terminationId":null},"stats":{"numOfLikes":1,"numOfComments":0,"numOfShares":0},"createdDate":"2024-05-28","createdTime":"17:52","originalPost":null,"permission":{"canUpdate":true,"canDelete":true}},{"id":20,"post":{"id":18},"type":"text","liked":true,"text":"Hai Again","employee":{"empNumber":7,"lastName":"CalCalder\u00f3n","firstName":"TeMateo","middleName":"LLoayza","employeeId":"muser","terminationId":null},"stats":{"numOfLikes":1,"numOfComments":0,"numOfShares":0},"createdDate":"2024-05-28","createdTime":"17:42","originalPost":null,"permission":{"canUpdate":true,"canDelete":true}},{"id":19,"post":{"id":17},"type":"text","liked":false,"text":"Test text 63","employee":{"empNumber":7,"lastName":"CalCalder\u00f3n","firstName":"TeMateo","middleName":"LLoayza","employeeId":"muser","terminationId":null},"stats":{"numOfLikes":0,"numOfComments":0,"numOfShares":0},"createdDate":"2024-05-28","createdTime":"17:36","originalPost":null,"permission":{"canUpdate":true,"canDelete":true}},{"id":18,"post":{"id":16},"type":"text","liked":true,"text":"Hai Again","employee":{"empNumber":7,"lastName":"CalCalder\u00f3n","firstName":"TeMateo","middleName":"LLoayza","employeeId":"muser","terminationId":null},"stats":{"numOfLikes":1,"numOfComments":0,"numOfShares":0},"createdDate":"2024-05-28","createdTime":"17:32","originalPost":null,"permission":{"canUpdate":true,"canDelete":true}},{"id":17,"post":{"id":15},"type":"text","liked":false,"text":"jjj","employee":{"empNumber":7,"lastName":"CalCalder\u00f3n","firstName":"TeMateo","middleName":"LLoayza","employeeId":"muser","terminationId":null},"stats":{"numOfLikes":0,"numOfComments":0,"numOfShares":0},"createdDate":"2024-05-28","createdTime":"17:24","originalPost":null,"permission":{"canUpdate":true,"canDelete":true}}],"meta":{"total":12},"rels":[]}