{"data":[{"id":18,"referenceId":"202405280000018","claimEvent":{"id":3,"name":"Travel Allowance"},"currencyType":{"id":"LAK","name":"Lao Kip"},"description":"You can use cy.pause() to pause the test at a specific point. This is useful if you want to manually inspect the state of the application at that point","status":"INITIATED","employee":{"empNumber":46,"firstName":"Ravi","lastName":"B","middleName":"M","employeeId":"3322","terminationId":null},"amount":0,"submittedDate":null},{"id":17,"referenceId":"202405280000017","claimEvent":{"id":3,"name":"Travel Allowance"},"currencyType":{"id":"LAK","name":"Lao Kip"},"description":"You can use cy.pause() to pause the test at a specific point. This is useful if you want to manually inspect the state of the application at that point","status":"INITIATED","employee":{"empNumber":46,"firstName":"Ravi","lastName":"B","middleName":"M","employeeId":"3322","terminationId":null},"amount":0,"submittedDate":null},{"id":16,"referenceId":"202405280000016","claimEvent":{"id":3,"name":"Travel Allowance"},"currencyType":{"id":"LAK","name":"Lao Kip"},"description":"You can use cy.pause() to pause the test at a specific point. This is useful if you want to manually inspect the state of the application at that point","status":"INITIATED","employee":{"empNumber":46,"firstName":"Ravi","lastName":"B","middleName":"M","employeeId":"3322","terminationId":null},"amount":0,"submittedDate":null},{"id":15,"referenceId":"202405280000015","claimEvent":{"id":3,"name":"Travel Allowance"},"currencyType":{"id":"LAK","name":"Lao Kip"},"description":"You can use cy.pause() to pause the test at a specific point. This is useful if you want to manually inspect the state of the application at that point","status":"INITIATED","employee":{"empNumber":46,"firstName":"Ravi","lastName":"B","middleName":"M","employeeId":"3322","terminationId":null},"amount":0,"submittedDate":null},{"id":14,"referenceId":"202405280000014","claimEvent":{"id":3,"name":"Travel Allowance"},"currencyType":{"id":"LAK","name":"Lao Kip"},"description":"You can use cy.pause() to pause the test at a specific point. This is useful if you want to manually inspect the state of the application at that point","status":"INITIATED","employee":{"empNumber":46,"firstName":"Ravi","lastName":"B","middleName":"M","employeeId":"3322","terminationId":null},"amount":0,"submittedDate":null},{"id":13,"referenceId":"202405280000013","claimEvent":{"id":3,"name":"Travel Allowance"},"currencyType":{"id":"LAK","name":"Lao Kip"},"description":"You can use cy.pause() to pause the test at a specific point. This is useful if you want to manually inspect the state of the application at that point","status":"INITIATED","employee":{"empNumber":46,"firstName":"Ravi","lastName":"B","middleName":"M","employeeId":"3322","terminationId":null},"amount":0,"submittedDate":null},{"id":12,"referenceId":"202405280000012","claimEvent":{"id":3,"name":"Travel Allowance"},"currencyType":{"id":"LAK","name":"Lao Kip"},"description":"You can use cy.pause() to pause the test at a specific point. This is useful if you want to manually inspect the state of the application at that point","status":"INITIATED","employee":{"empNumber":46,"firstName":"Ravi","lastName":"B","middleName":"M","employeeId":"3322","terminationId":null},"amount":0,"submittedDate":null},{"id":11,"referenceId":"202405280000011","claimEvent":{"id":3,"name":"Travel Allowance"},"currencyType":{"id":"LAK","name":"Lao Kip"},"description":"You can use cy.pause() to pause the test at a specific point. This is useful if you want to manually inspect the state of the application at that point","status":"INITIATED","employee":{"empNumber":46,"firstName":"Ravi","lastName":"B","middleName":"M","employeeId":"3322","terminationId":null},"amount":0,"submittedDate":null},{"id":10,"referenceId":"202405280000010","claimEvent":{"id":3,"name":"Travel Allowance"},"currencyType":{"id":"LAK","name":"Lao Kip"},"description":"You can use cy.pause() to pause the test at a specific point. This is useful if you want to manually inspect the state of the application at that point","status":"INITIATED","employee":{"empNumber":46,"firstName":"Ravi","lastName":"B","middleName":"M","employeeId":"3322","terminationId":null},"amount":0,"submittedDate":null},{"id":9,"referenceId":"202405280000009","claimEvent":{"id":3,"name":"Travel Allowance"},"currencyType":{"id":"LAK","name":"Lao Kip"},"description":"You can use cy.pause() to pause the test at a specific point. This is useful if you want to manually inspect the state of the application at that point","status":"INITIATED","employee":{"empNumber":46,"firstName":"Ravi","lastName":"B","middleName":"M","employeeId":"3322","terminationId":null},"amount":0,"submittedDate":null},{"id":8,"referenceId":"202405280000008","claimEvent":{"id":3,"name":"Travel Allowance"},"currencyType":{"id":"LAK","name":"Lao Kip"},"description":"You can use cy.pause() to pause the test at a specific point. This is useful if you want to manually inspect the state of the application at that point","status":"INITIATED","employee":{"empNumber":46,"firstName":"Ravi","lastName":"B","middleName":"M","employeeId":"3322","terminationId":null},"amount":0,"submittedDate":null},{"id":7,"referenceId":"202405280000007","claimEvent":{"id":3,"name":"Travel Allowance"},"currencyType":{"id":"LAK","name":"Lao Kip"},"description":"You can use cy.pause() to pause the test at a specific point. This is useful if you want to manually inspect the state of the application at that point","status":"INITIATED","employee":{"empNumber":46,"firstName":"Ravi","lastName":"B","middleName":"M","employeeId":"3322","terminationId":null},"amount":0,"submittedDate":null},{"id":3,"referenceId":"202307180000003","claimEvent":{"id":3,"name":"Travel Allowance"},"currencyType":{"id":"DZD","name":"Algerian Dinar"},"description":null,"status":"SUBMITTED","employee":{"empNumber":7,"firstName":"TeMateo","lastName":"CalCalCalder\u00f3n","middleName":"LLLoayza","employeeId":"muser","terminationId":null},"amount":7300.3199999999997,"submittedDate":"2023-07-18"},{"id":2,"referenceId":"202307180000002","claimEvent":{"id":2,"name":"Medical Reimbursement"},"currencyType":{"id":"CAD","name":"Canadian Dollar"},"description":null,"status":"SUBMITTED","employee":{"empNumber":7,"firstName":"TeMateo","lastName":"CalCalCalder\u00f3n","middleName":"LLLoayza","employeeId":"muser","terminationId":null},"amount":1250.1199999999999,"submittedDate":"2023-07-18"},{"id":1,"referenceId":"202307180000001","claimEvent":{"id":1,"name":"Accommodation"},"currencyType":{"id":"AFN","name":"Afghanistan Afghani"},"description":null,"status":"INITIATED","employee":{"empNumber":7,"firstName":"TeMateo","lastName":"CalCalCalder\u00f3n","middleName":"LLLoayza","employeeId":"muser","terminationId":null},"amount":0,"submittedDate":null}],"meta":{"total":15},"rels":[]}