{"data":[{"id":3,"referenceId":"202307180000003","claimEvent":{"id":3,"name":"Travel Allowance"},"currencyType":{"id":"DZD","name":"Algerian Dinar"},"description":null,"status":"SUBMITTED","amount":7300.3199999999997,"submittedDate":"2023-07-18"},{"id":2,"referenceId":"202307180000002","claimEvent":{"id":2,"name":"Medical Reimbursement"},"currencyType":{"id":"CAD","name":"Canadian Dollar"},"description":null,"status":"SUBMITTED","amount":1250.1199999999999,"submittedDate":"2023-07-18"},{"id":1,"referenceId":"202307180000001","claimEvent":{"id":1,"name":"Accommodation"},"currencyType":{"id":"AFN","name":"Afghanistan Afghani"},"description":null,"status":"INITIATED","amount":0,"submittedDate":null}],"meta":{"total":3},"rels":[]}