{
  "FilterHeaders": [
    {
      "Header": "user-agent",
      "IncludeInScript": false
    },
    {
      "Header": "upgrade-insecure-requests",
      "IncludeInScript": true
    },
    {
      "Header": "sec-fetch-user",
      "IncludeInScript": true
    },
    {
      "Header": "sec-fetch-site",
      "IncludeInScript": true
    },
    {
      "Header": "sec-fetch-mode",
      "IncludeInScript": true
    },
    {
      "Header": "sec-fetch-dest",
      "IncludeInScript": true
    },
    {
      "Header": "sec-ch-ua-platform",
      "IncludeInScript": true
    },
    {
      "Header": "sec-ch-ua-mobile",
      "IncludeInScript": true
    },
    {
      "Header": "sec-ch-ua",
      "IncludeInScript": true
    },
    {
      "Header": "origin",
      "IncludeInScript": true
    },
    {
      "Header": "if-none-match",
      "IncludeInScript": false
    },
    {
      "Header": "contenttype",
      "IncludeInScript": true
    },
    {
      "Header": "cache-control",
      "IncludeInScript": false
    },
    {
      "Header": "accept-language",
      "IncludeInScript": false
    },
    {
      "Header": "accept-encoding",
      "IncludeInScript": false
    },
    {
      "Header": "accept",
      "IncludeInScript": false
    }
  ],
  "FilterResources": [
    {
      "IsNonResource": true,
      "type": "text/html"
    },
    {
      "IsNonResource": false,
      "type": "text/css"
    },
    {
      "IsNonResource": false,
      "type": "image/vnd.microsoft.icon"
    },
    {
      "IsNonResource": false,
      "type": "image/svg+xml"
    },
    {
      "IsNonResource": false,
      "type": "image/png"
    },
    {
      "IsNonResource": false,
      "type": "image/jpeg"
    },
    {
      "IsNonResource": true,
      "type": "application/json"
    },
    {
      "IsNonResource": false,
      "type": "application/javascript"
    }
  ],
  "GeneralInfo": {
    "BrowserVersion": "",
    "IsWinInetMode": false,
    "MaxUsedConnections": 18,
    "RecordedBrowser": "c:\\program files (x86)\\microsoft\\edge\\application\\msedge.exe",
    "RecordingDate": "May-28-2024",
    "RecordingDuration": 374172,
    "RecordingMode": "N/A",
    "RecordingTimeStamp": 1716908221,
    "RecordingType": "Application",
    "TotalBytesReceived": 4493613,
    "TotalBytesSent": 48138,
    "TotalRequests": 61,
    "UserAgent": "Crashpad/0.8.0 WinHTTP/10.0.22621.3527 Windows_NT/10.0.22621.3527 (x64)"
  },
  "HostInfo": [
    {
      "DomainName": "skype.com",
      "Domains": [
        {
          "HTTPVersion": "HTTP/1.1",
          "IP": "13.107.42.16",
          "IncludeInScript": false,
          "Name": "config.edge.skype.com",
          "Port": 443,
          "Requests": [
            {
              "CompressionType": "",
              "DataType": "application/json",
              "DownloadTime": 359,
              "EventId": 1510,
              "HttpStatus": 304,
              "Size": 0,
              "URL": "https://config.edge.skype.com/config/v1/Edge/125.0.2535.67?clientId=4225818044951246816&agents=EdgeRuntime%2CEdgeRuntimeConfig%2CEdgeDomainActions&osname=win&client=edge&channel=stable&scpfre=0&osarch=x86_64&osver=10.0.22631&wu=1&devicefamily=desktop&uma=1&sessionid=1850&mngd=0&installdate=1600573272&edu=0&bphint=2&soobedate=1599666571&fg=1"
            }
          ],
          "SSLCipher": "TLS_AES_256_GCM_SHA384",
          "SSLVersion": "TLS1.3"
        }
      ],
      "IncludeInScript": true
    },
    {
      "DomainName": "orangehrmlive.com",
      "Domains": [
        {
          "HTTPVersion": "HTTP/1.1",
          "IP": "78.136.60.48",
          "IncludeInScript": true,
          "Name": "opensource-demo.orangehrmlive.com",
          "Port": 443,
          "Requests": [
            {
              "CompressionType": "",
              "DataType": "",
              "DownloadTime": 281,
              "EventId": 2258,
              "HttpStatus": 304,
              "Size": 0,
              "URL": "https://opensource-demo.orangehrmlive.com/web/index.php/core/i18n/messages"
            },
            {
              "CompressionType": "",
              "DataType": "text/html",
              "DownloadTime": 797,
              "EventId": 2255,
              "HttpStatus": 200,
              "Size": 3461,
              "URL": "https://opensource-demo.orangehrmlive.com/web/index.php/auth/login"
            },
            {
              "CompressionType": "",
              "DataType": "text/html",
              "DownloadTime": 437,
              "EventId": 2253,
              "HttpStatus": 302,
              "Size": 510,
              "URL": "https://opensource-demo.orangehrmlive.com/web/index.php/auth/logout"
            },
            {
              "CompressionType": "",
              "DataType": "application/json",
              "DownloadTime": 391,
              "EventId": 2238,
              "HttpStatus": 200,
              "Size": 40,
              "URL": "https://opensource-demo.orangehrmlive.com/web/index.php/api/v2/claim/requests/3/attachments?limit=50&offset=0"
            },
            {
              "CompressionType": "",
              "DataType": "application/json",
              "DownloadTime": 531,
              "EventId": 2236,
              "HttpStatus": 200,
              "Size": 364,
              "URL": "https://opensource-demo.orangehrmlive.com/web/index.php/api/v2/claim/requests/3/expenses?limit=50&offset=0"
            },
            {
              "CompressionType": "",
              "DataType": "application/json",
              "DownloadTime": 391,
              "EventId": 2232,
              "HttpStatus": 200,
              "Size": 439,
              "URL": "https://opensource-demo.orangehrmlive.com/web/index.php/api/v2/claim/requests/3"
            },
            {
              "CompressionType": "",
              "DataType": "",
              "DownloadTime": 297,
              "EventId": 2221,
              "HttpStatus": 304,
              "Size": 0,
              "URL": "https://opensource-demo.orangehrmlive.com/web/index.php/pim/viewPhoto/empNumber/7"
            },
            {
              "CompressionType": "",
              "DataType": "",
              "DownloadTime": 313,
              "EventId": 2216,
              "HttpStatus": 304,
              "Size": 0,
              "URL": "https://opensource-demo.orangehrmlive.com/web/index.php/core/i18n/messages"
            },
            {
              "CompressionType": "",
              "DataType": "text/html",
              "DownloadTime": 438,
              "EventId": 2214,
              "HttpStatus": 200,
              "Size": 7901,
              "URL": "https://opensource-demo.orangehrmlive.com/web/index.php/claim/submitClaim/id/3"
            },
            {
              "CompressionType": "",
              "DataType": "application/json",
              "DownloadTime": 515,
              "EventId": 2198,
              "HttpStatus": 200,
              "Size": 1850,
              "URL": "https://opensource-demo.orangehrmlive.com/web/index.php/api/v2/leave/holidays?fromDate=2024-01-01&toDate=2024-12-31"
            },
            {
              "CompressionType": "",
              "DataType": "application/json",
              "DownloadTime": 469,
              "EventId": 2194,
              "HttpStatus": 200,
              "Size": 72,
              "URL": "https://opensource-demo.orangehrmlive.com/web/index.php/api/v2/leave/workweek?model=indexed"
            },
            {
              "CompressionType": "",
              "DataType": "application/json",
              "DownloadTime": 516,
              "EventId": 2192,
              "HttpStatus": 200,
              "Size": 1850,
              "URL": "https://opensource-demo.orangehrmlive.com/web/index.php/api/v2/leave/holidays?fromDate=2024-01-01&toDate=2024-12-31"
            },
            {
              "CompressionType": "",
              "DataType": "application/json",
              "DownloadTime": 360,
              "EventId": 2188,
              "HttpStatus": 200,
              "Size": 72,
              "URL": "https://opensource-demo.orangehrmlive.com/web/index.php/api/v2/leave/workweek?model=indexed"
            },
            {
              "CompressionType": "",
              "DataType": "application/json",
              "DownloadTime": 313,
              "EventId": 2186,
              "HttpStatus": 200,
              "Size": 245,
              "URL": "https://opensource-demo.orangehrmlive.com/web/index.php/api/v2/claim/events?limit=0&status=true"
            },
            {
              "CompressionType": "",
              "DataType": "application/json",
              "DownloadTime": 515,
              "EventId": 2180,
              "HttpStatus": 200,
              "Size": 736,
              "URL": "https://opensource-demo.orangehrmlive.com/web/index.php/api/v2/claim/requests?limit=50&offset=0&sortField=claimRequest.referenceId&sortOrder=DESC"
            },
            {
              "CompressionType": "",
              "DataType": "",
              "DownloadTime": 312,
              "EventId": 2165,
              "HttpStatus": 304,
              "Size": 0,
              "URL": "https://opensource-demo.orangehrmlive.com/web/index.php/pim/viewPhoto/empNumber/7"
            },
            {
              "CompressionType": "",
              "DataType": "",
              "DownloadTime": 469,
              "EventId": 2162,
              "HttpStatus": 304,
              "Size": 0,
              "URL": "https://opensource-demo.orangehrmlive.com/web/index.php/core/i18n/messages"
            },
            {
              "CompressionType": "",
              "DataType": "text/html",
              "DownloadTime": 531,
              "EventId": 2160,
              "HttpStatus": 200,
              "Size": 6872,
              "URL": "https://opensource-demo.orangehrmlive.com/web/index.php/claim/viewClaim"
            },
            {
              "CompressionType": "",
              "DataType": "application/json",
              "DownloadTime": 484,
              "EventId": 2107,
              "HttpStatus": 200,
              "Size": 1850,
              "URL": "https://opensource-demo.orangehrmlive.com/web/index.php/api/v2/leave/holidays?fromDate=2024-01-01&toDate=2024-12-31"
            },
            {
              "CompressionType": "",
              "DataType": "application/json",
              "DownloadTime": 485,
              "EventId": 2105,
              "HttpStatus": 200,
              "Size": 72,
              "URL": "https://opensource-demo.orangehrmlive.com/web/index.php/api/v2/leave/workweek?model=indexed"
            },
            {
              "CompressionType": "",
              "DataType": "application/json",
              "DownloadTime": 344,
              "EventId": 2101,
              "HttpStatus": 200,
              "Size": 1850,
              "URL": "https://opensource-demo.orangehrmlive.com/web/index.php/api/v2/leave/holidays?fromDate=2024-01-01&toDate=2024-12-31"
            },
            {
              "CompressionType": "",
              "DataType": "application/json",
              "DownloadTime": 531,
              "EventId": 2099,
              "HttpStatus": 200,
              "Size": 72,
              "URL": "https://opensource-demo.orangehrmlive.com/web/index.php/api/v2/leave/workweek?model=indexed"
            },
            {
              "CompressionType": "",
              "DataType": "application/json",
              "DownloadTime": 531,
              "EventId": 2097,
              "HttpStatus": 200,
              "Size": 245,
              "URL": "https://opensource-demo.orangehrmlive.com/web/index.php/api/v2/claim/events?limit=0&status=true"
            },
            {
              "CompressionType": "",
              "DataType": "application/json",
              "DownloadTime": 390,
              "EventId": 2095,
              "HttpStatus": 200,
              "Size": 6890,
              "URL": "https://opensource-demo.orangehrmlive.com/web/index.php/api/v2/claim/employees/requests?limit=50&offset=0&includeEmployees=onlyCurrent&sortField=claimRequest.referenceId&sortOrder=DESC"
            },
            {
              "CompressionType": "",
              "DataType": "",
              "DownloadTime": 328,
              "EventId": 2078,
              "HttpStatus": 304,
              "Size": 0,
              "URL": "https://opensource-demo.orangehrmlive.com/web/index.php/pim/viewPhoto/empNumber/7"
            },
            {
              "CompressionType": "",
              "DataType": "",
              "DownloadTime": 359,
              "EventId": 2075,
              "HttpStatus": 304,
              "Size": 0,
              "URL": "https://opensource-demo.orangehrmlive.com/web/index.php/core/i18n/messages"
            },
            {
              "CompressionType": "",
              "DataType": "text/html",
              "DownloadTime": 500,
              "EventId": 2073,
              "HttpStatus": 200,
              "Size": 6920,
              "URL": "https://opensource-demo.orangehrmlive.com/web/index.php/claim/viewAssignClaim"
            },
            {
              "CompressionType": "",
              "DataType": "text/html",
              "DownloadTime": 562,
              "EventId": 2069,
              "HttpStatus": 302,
              "Size": 554,
              "URL": "https://opensource-demo.orangehrmlive.com/web/index.php/claim/viewClaimModule"
            },
            {
              "CompressionType": "",
              "DataType": "",
              "DownloadTime": 516,
              "EventId": 2035,
              "HttpStatus": 200,
              "Size": 26800,
              "URL": "https://opensource-demo.orangehrmlive.com/web/dist/fonts/nunito-sans-v6-latin-ext_latin-italic.woff2"
            },
            {
              "CompressionType": "",
              "DataType": "",
              "DownloadTime": 484,
              "EventId": 2033,
              "HttpStatus": 200,
              "Size": 25592,
              "URL": "https://opensource-demo.orangehrmlive.com/web/dist/fonts/nunito-sans-v6-latin-ext_latin-300.woff2"
            },
            {
              "CompressionType": "",
              "DataType": "",
              "DownloadTime": 500,
              "EventId": 2031,
              "HttpStatus": 200,
              "Size": 26312,
              "URL": "https://opensource-demo.orangehrmlive.com/web/dist/fonts/nunito-sans-v6-latin-ext_latin-700.woff2"
            },
            {
              "CompressionType": "",
              "DataType": "image/jpeg",
              "DownloadTime": 594,
              "EventId": 2026,
              "HttpStatus": 200,
              "Size": 16256,
              "URL": "https://opensource-demo.orangehrmlive.com/web/index.php/pim/viewPhoto/empNumber/7"
            },
            {
              "CompressionType": "",
              "DataType": "image/png",
              "DownloadTime": 157,
              "EventId": 2022,
              "HttpStatus": 200,
              "Size": 41913,
              "URL": "https://opensource-demo.orangehrmlive.com/web/images/dashboard_empty_widget_watermark.png"
            },
            {
              "CompressionType": "",
              "DataType": "image/png",
              "DownloadTime": 156,
              "EventId": 2020,
              "HttpStatus": 200,
              "Size": 2680,
              "URL": "https://opensource-demo.orangehrmlive.com/web/images/orangehrm-logo.png?v=1711595107870"
            },
            {
              "CompressionType": "",
              "DataType": "application/json",
              "DownloadTime": 687,
              "EventId": 2018,
              "HttpStatus": 200,
              "Size": 325,
              "URL": "https://opensource-demo.orangehrmlive.com/web/index.php/api/v2/dashboard/employees/subunit"
            },
            {
              "CompressionType": "",
              "DataType": "application/json",
              "DownloadTime": 1031,
              "EventId": 2014,
              "HttpStatus": 200,
              "Size": 183,
              "URL": "https://opensource-demo.orangehrmlive.com/web/index.php/api/v2/dashboard/shortcuts"
            },
            {
              "CompressionType": "",
              "DataType": "text/html",
              "DownloadTime": 485,
              "EventId": 2012,
              "HttpStatus": 200,
              "Size": 0,
              "URL": "https://opensource-demo.orangehrmlive.com/web/index.php/events/push"
            },
            {
              "CompressionType": "",
              "DataType": "application/json",
              "DownloadTime": 469,
              "EventId": 2010,
              "HttpStatus": 200,
              "Size": 281,
              "URL": "https://opensource-demo.orangehrmlive.com/web/index.php/api/v2/dashboard/employees/locations"
            },
            {
              "CompressionType": "",
              "DataType": "application/json",
              "DownloadTime": 422,
              "EventId": 2008,
              "HttpStatus": 200,
              "Size": 66,
              "URL": "https://opensource-demo.orangehrmlive.com/web/index.php/api/v2/dashboard/employees/leaves?date=2024-05-28"
            },
            {
              "CompressionType": "",
              "DataType": "application/json",
              "DownloadTime": 469,
              "EventId": 2006,
              "HttpStatus": 200,
              "Size": 2009,
              "URL": "https://opensource-demo.orangehrmlive.com/web/index.php/api/v2/buzz/feed?limit=5&offset=0&sortOrder=DESC&sortField=share.createdAtUtc"
            },
            {
              "CompressionType": "",
              "DataType": "application/json",
              "DownloadTime": 484,
              "EventId": 2002,
              "HttpStatus": 200,
              "Size": 1198,
              "URL": "https://opensource-demo.orangehrmlive.com/web/index.php/api/v2/dashboard/employees/time-at-work?timezoneOffset=5.5&currentDate=2024-05-28&currentTime=23:31"
            },
            {
              "CompressionType": "",
              "DataType": "application/json",
              "DownloadTime": 407,
              "EventId": 2000,
              "HttpStatus": 200,
              "Size": 159,
              "URL": "https://opensource-demo.orangehrmlive.com/web/index.php/api/v2/dashboard/employees/action-summary"
            },
            {
              "CompressionType": "",
              "DataType": "image/png",
              "DownloadTime": 188,
              "EventId": 1978,
              "HttpStatus": 200,
              "Size": 16559,
              "URL": "https://opensource-demo.orangehrmlive.com/web/images/orange.png?v=1711595107870"
            },
            {
              "CompressionType": "",
              "DataType": "",
              "DownloadTime": 422,
              "EventId": 1975,
              "HttpStatus": 304,
              "Size": 0,
              "URL": "https://opensource-demo.orangehrmlive.com/web/index.php/core/i18n/messages"
            },
            {
              "CompressionType": "",
              "DataType": "text/html",
              "DownloadTime": 453,
              "EventId": 1973,
              "HttpStatus": 200,
              "Size": 6636,
              "URL": "https://opensource-demo.orangehrmlive.com/web/index.php/dashboard/index"
            },
            {
              "CompressionType": "",
              "DataType": "text/html",
              "DownloadTime": 922,
              "EventId": 1970,
              "HttpStatus": 302,
              "Size": 530,
              "URL": "https://opensource-demo.orangehrmlive.com/web/index.php/auth/validate"
            },
            {
              "CompressionType": "",
              "DataType": "",
              "DownloadTime": 516,
              "EventId": 1936,
              "HttpStatus": 200,
              "Size": 25820,
              "URL": "https://opensource-demo.orangehrmlive.com/web/dist/fonts/nunito-sans-v6-latin-ext_latin-600.woff2"
            },
            {
              "CompressionType": "",
              "DataType": "",
              "DownloadTime": 563,
              "EventId": 1924,
              "HttpStatus": 200,
              "Size": 25884,
              "URL": "https://opensource-demo.orangehrmlive.com/web/dist/fonts/nunito-sans-v6-latin-ext_latin-regular.woff2"
            },
            {
              "CompressionType": "",
              "DataType": "",
              "DownloadTime": 484,
              "EventId": 1920,
              "HttpStatus": 200,
              "Size": 25780,
              "URL": "https://opensource-demo.orangehrmlive.com/web/dist/fonts/nunito-sans-v6-latin-ext_latin-800.woff2"
            },
            {
              "CompressionType": "",
              "DataType": "",
              "DownloadTime": 484,
              "EventId": 1907,
              "HttpStatus": 200,
              "Size": 121296,
              "URL": "https://opensource-demo.orangehrmlive.com/web/dist/fonts/bootstrap-icons.woff2"
            },
            {
              "CompressionType": "",
              "DataType": "image/png",
              "DownloadTime": 406,
              "EventId": 1878,
              "HttpStatus": 200,
              "Size": 30411,
              "URL": "https://opensource-demo.orangehrmlive.com/web/images/ohrm_branding.png?v=1711595107870"
            },
            {
              "CompressionType": "",
              "DataType": "image/svg+xml",
              "DownloadTime": 391,
              "EventId": 1876,
              "HttpStatus": 200,
              "Size": 289,
              "URL": "https://opensource-demo.orangehrmlive.com/web/dist/img/blob.svg"
            },
            {
              "CompressionType": "",
              "DataType": "image/png",
              "DownloadTime": 172,
              "EventId": 1873,
              "HttpStatus": 200,
              "Size": 324441,
              "URL": "https://opensource-demo.orangehrmlive.com/web/images/ohrm_logo.png"
            },
            {
              "CompressionType": "",
              "DataType": "application/json",
              "DownloadTime": 390,
              "EventId": 1865,
              "HttpStatus": 200,
              "Size": 100873,
              "URL": "https://opensource-demo.orangehrmlive.com/web/index.php/core/i18n/messages"
            },
            {
              "CompressionType": "",
              "DataType": "image/vnd.microsoft.icon",
              "DownloadTime": 157,
              "EventId": 1862,
              "HttpStatus": 200,
              "Size": 564,
              "URL": "https://opensource-demo.orangehrmlive.com/web/dist/favicon.ico?v=1711595107870"
            },
            {
              "CompressionType": "",
              "DataType": "application/javascript",
              "DownloadTime": 1234,
              "EventId": 1622,
              "HttpStatus": 200,
              "Size": 1491093,
              "URL": "https://opensource-demo.orangehrmlive.com/web/dist/js/app.js?v=1711595107870"
            },
            {
              "CompressionType": "",
              "DataType": "application/javascript",
              "DownloadTime": 625,
              "EventId": 1573,
              "HttpStatus": 200,
              "Size": 1722486,
              "URL": "https://opensource-demo.orangehrmlive.com/web/dist/js/chunk-vendors.js?v=1711595107870"
            },
            {
              "CompressionType": "",
              "DataType": "text/css",
              "DownloadTime": 625,
              "EventId": 1571,
              "HttpStatus": 200,
              "Size": 160886,
              "URL": "https://opensource-demo.orangehrmlive.com/web/dist/css/app.css?v=1711595107870"
            },
            {
              "CompressionType": "",
              "DataType": "text/css",
              "DownloadTime": 609,
              "EventId": 1543,
              "HttpStatus": 200,
              "Size": 249969,
              "URL": "https://opensource-demo.orangehrmlive.com/web/dist/css/chunk-vendors.css?v=1711595107870"
            },
            {
              "CompressionType": "",
              "DataType": "text/html",
              "DownloadTime": 453,
              "EventId": 1523,
              "HttpStatus": 200,
              "Size": 3457,
              "URL": "https://opensource-demo.orangehrmlive.com/web/index.php/auth/login"
            },
            {
              "CompressionType": "",
              "DataType": "text/html",
              "DownloadTime": 297,
              "EventId": 1499,
              "HttpStatus": 302,
              "Size": 0,
              "URL": "https://opensource-demo.orangehrmlive.com/"
            }
          ],
          "SSLCipher": "ECDHE-RSA-AES256-GCM-SHA384",
          "SSLVersion": "TLS1.2"
        }
      ],
      "IncludeInScript": true
    },
    {
      "DomainName": "office.com",
      "Domains": [
        {
          "HTTPVersion": "HTTP/1.1",
          "IP": "52.98.123.210",
          "IncludeInScript": false,
          "Name": "substrate.office.com",
          "Port": 443,
          "Requests": [
            {
              "CompressionType": "",
              "DataType": "application/json",
              "DownloadTime": 265,
              "EventId": 2145,
              "HttpStatus": 200,
              "Size": 3928,
              "URL": "https://substrate.office.com/profileb2/v2.0/me/V1Profile"
            },
            {
              "CompressionType": "",
              "DataType": "application/json",
              "DownloadTime": 391,
              "EventId": 1941,
              "HttpStatus": 200,
              "Size": 3928,
              "URL": "https://substrate.office.com/profileb2/v2.0/me/V1Profile"
            },
            {
              "CompressionType": "",
              "DataType": "application/json",
              "DownloadTime": 297,
              "EventId": 1501,
              "HttpStatus": 200,
              "Size": 3926,
              "URL": "https://substrate.office.com/profileb2/v2.0/me/V1Profile"
            }
          ],
          "SSLCipher": "TLS_AES_256_GCM_SHA384",
          "SSLVersion": "TLS1.3"
        }
      ],
      "IncludeInScript": true
    },
    {
      "DomainName": "microsoft.com",
      "Domains": [
        {
          "HTTPVersion": "HTTP/1.1",
          "IP": "20.212.88.117",
          "IncludeInScript": false,
          "Name": "prod-southeastasia.access-point.cloudmessaging.edge.microsoft.com",
          "Port": 443,
          "Requests": [
            {
              "CompressionType": "",
              "DataType": "",
              "DownloadTime": 703,
              "EventId": 1575,
              "HttpStatus": 101,
              "Size": 0,
              "URL": "https://prod-southeastasia.access-point.cloudmessaging.edge.microsoft.com/"
            }
          ],
          "SSLCipher": "TLS_AES_256_GCM_SHA384",
          "SSLVersion": "TLS1.3"
        },
        {
          "HTTPVersion": "HTTP/1.1",
          "IP": "13.89.179.12",
          "IncludeInScript": false,
          "Name": "nw-umwatson.events.data.microsoft.com",
          "Port": 443,
          "Requests": [
            {
              "CompressionType": "",
              "DataType": "text/xml",
              "DownloadTime": 328,
              "EventId": 1424,
              "HttpStatus": 200,
              "Size": 634,
              "URL": "https://nw-umwatson.events.data.microsoft.com/Telemetry.Request"
            }
          ],
          "SSLCipher": "TLS_AES_256_GCM_SHA384",
          "SSLVersion": "TLS1.3"
        },
        {
          "HTTPVersion": "HTTP/1.1",
          "IP": "104.215.41.138",
          "IncludeInScript": false,
          "Name": "nav-edge.smartscreen.microsoft.com",
          "Port": 443,
          "Requests": [
            {
              "CompressionType": "",
              "DataType": "application/json",
              "DownloadTime": 500,
              "EventId": 1968,
              "HttpStatus": 200,
              "Size": 961,
              "URL": "https://nav-edge.smartscreen.microsoft.com/api/browser/edge/navigate/3"
            },
            {
              "CompressionType": "",
              "DataType": "application/json",
              "DownloadTime": 812,
              "EventId": 1546,
              "HttpStatus": 200,
              "Size": 861,
              "URL": "https://nav-edge.smartscreen.microsoft.com/api/browser/edge/navigate/3"
            }
          ],
          "SSLCipher": "TLS_AES_256_GCM_SHA384",
          "SSLVersion": "TLS1.3"
        },
        {
          "HTTPVersion": "HTTP/1.1",
          "IP": "20.190.175.88",
          "IncludeInScript": false,
          "Name": "graph.microsoft.com",
          "Port": 443,
          "Requests": [
            {
              "CompressionType": "gzip",
              "DataType": "application/json",
              "DownloadTime": 235,
              "EventId": 2143,
              "HttpStatus": 404,
              "Size": 217,
              "URL": "https://graph.microsoft.com/v1.0/me/photo/$value"
            }
          ],
          "SSLCipher": "TLS_AES_256_GCM_SHA384",
          "SSLVersion": "TLS1.3"
        },
        {
          "HTTPVersion": "HTTP/1.1",
          "IP": "13.107.21.239",
          "IncludeInScript": false,
          "Name": "edge.microsoft.com",
          "Port": 443,
          "Requests": [
            {
              "CompressionType": "",
              "DataType": "application/json",
              "DownloadTime": 125,
              "EventId": 2234,
              "HttpStatus": 200,
              "Size": 158,
              "URL": "https://edge.microsoft.com/autofillservice/core/page/-3564708943427774712/-8643765809365297679%7C499634745713668659"
            },
            {
              "CompressionType": "",
              "DataType": "application/json",
              "DownloadTime": 297,
              "EventId": 2184,
              "HttpStatus": 200,
              "Size": 298,
              "URL": "https://edge.microsoft.com/autofillservice/core/page/-3564708943427774712/-3374743638236862129%7C499634745713668659"
            },
            {
              "CompressionType": "gzip",
              "DataType": "application/octet-stream",
              "DownloadTime": 500,
              "EventId": 2154,
              "HttpStatus": 200,
              "Size": 182,
              "URL": "https://edge.microsoft.com/sync/v1/feeds/me/syncEntities/command/?client=Chromium&client_id=fB2%2FxXTuhJu58U%2F0Zv%2FDPQ%3D%3D"
            },
            {
              "CompressionType": "gzip",
              "DataType": "application/json",
              "DownloadTime": 250,
              "EventId": 2131,
              "HttpStatus": 200,
              "Size": 179,
              "URL": "https://edge.microsoft.com/componentupdater/api/v1/update"
            },
            {
              "CompressionType": "",
              "DataType": "application/json",
              "DownloadTime": 500,
              "EventId": 2115,
              "HttpStatus": 200,
              "Size": 576,
              "URL": "https://edge.microsoft.com/autofillservice/core/page/-3564708943427774712/8418213791458068678%7C499634745713668659"
            },
            {
              "CompressionType": "gzip",
              "DataType": "application/x-protobuf",
              "DownloadTime": 16,
              "EventId": 2064,
              "HttpStatus": 200,
              "Size": 49,
              "URL": "https://edge.microsoft.com/extensionrevocation/v1/threatListUpdates:fetch?req=ChcKBm1zZWRnZRINMTI1LjAuMjUzNS42NxobCAEQCBoNMTcxNjg3NzUwNzU5MCIEIAEgAigEIgIIAQ==&ct=application/x-protobuf&key=d414dd4f9db345fa8003e32adc81b362"
            },
            {
              "CompressionType": "gzip",
              "DataType": "application/json",
              "DownloadTime": 172,
              "EventId": 2060,
              "HttpStatus": 200,
              "Size": 180,
              "URL": "https://edge.microsoft.com/componentupdater/api/v1/update"
            },
            {
              "CompressionType": "",
              "DataType": "application/json",
              "DownloadTime": 359,
              "EventId": 1998,
              "HttpStatus": 200,
              "Size": 158,
              "URL": "https://edge.microsoft.com/autofillservice/core/page/-3564708943427774712/499634745713668659"
            },
            {
              "CompressionType": "gzip",
              "DataType": "application/json",
              "DownloadTime": 547,
              "EventId": 1962,
              "HttpStatus": 200,
              "Size": 181,
              "URL": "https://edge.microsoft.com/componentupdater/api/v1/update"
            },
            {
              "CompressionType": "",
              "DataType": "application/json",
              "DownloadTime": 125,
              "EventId": 1939,
              "HttpStatus": 200,
              "Size": 328,
              "URL": "https://edge.microsoft.com/autofillservice/core/page/-3564708943427774712/-9191245191609074552"
            },
            {
              "CompressionType": "gzip",
              "DataType": "application/json",
              "DownloadTime": 531,
              "EventId": 1525,
              "HttpStatus": 201,
              "Size": 542,
              "URL": "https://edge.microsoft.com/sync/v2/feeds/me/subscriptions"
            },
            {
              "CompressionType": "gzip",
              "DataType": "application/octet-stream",
              "DownloadTime": 453,
              "EventId": 1512,
              "HttpStatus": 200,
              "Size": 679,
              "URL": "https://edge.microsoft.com/sync/v1/feeds/me/syncEntities/command/?client=Chromium&client_id=fB2%2FxXTuhJu58U%2F0Zv%2FDPQ%3D%3D"
            },
            {
              "CompressionType": "gzip",
              "DataType": "application/json",
              "DownloadTime": 297,
              "EventId": 1503,
              "HttpStatus": 200,
              "Size": 1861,
              "URL": "https://edge.microsoft.com/componentupdater/api/v1/update?cup2key=7:s_v2dX1ZQjUS8WhwgLoyK_gsj_NCDPfI0nLFBVM-rFo&cup2hreq=238dd0aebc1fa4e511992e9be14886a246b698d748ab0ddf8d40b605c5bff65e"
            },
            {
              "CompressionType": "",
              "DataType": "application/json",
              "DownloadTime": 141,
              "EventId": 1496,
              "HttpStatus": 200,
              "Size": 1159,
              "URL": "https://edge.microsoft.com/serviceexperimentation/v3/?osname=win&channel=stable&osver=10.0.22631&devicefamily=desktop&installdate=1600573272&clientversion=125.0.2535.67&experimentationmode=2&scpguard=1&scpfull=0&scpver=10"
            },
            {
              "CompressionType": "gzip",
              "DataType": "application/octet-stream",
              "DownloadTime": 687,
              "EventId": 1485,
              "HttpStatus": 200,
              "Size": 96,
              "URL": "https://edge.microsoft.com/sync/v1/feeds/me/syncEntities/command/?client=Chromium&client_id=fB2%2FxXTuhJu58U%2F0Zv%2FDPQ%3D%3D"
            },
            {
              "CompressionType": "",
              "DataType": "application/json",
              "DownloadTime": 282,
              "EventId": 1481,
              "HttpStatus": 200,
              "Size": 4012,
              "URL": "https://edge.microsoft.com/identity/api/v3/msa"
            },
            {
              "CompressionType": "",
              "DataType": "text/xml",
              "DownloadTime": 281,
              "EventId": 1479,
              "HttpStatus": 200,
              "Size": 413,
              "URL": "https://edge.microsoft.com/extensionwebstorebase/v1/crx?os=win&arch=x64&os_arch=x86_64&nacl_arch=x86-64&prod=edgecrx&prodchannel=&prodversion=125.0.2535.67&lang=en-US&acceptformat=crx3,puff&x=id%3Djmjflgjpcpepeafmmgdpfkogkghcpiha%26v%3D1.2.1%26installedby%3Dother%26uc"
            }
          ],
          "SSLCipher": "TLS_AES_256_GCM_SHA384",
          "SSLVersion": "TLS1.3"
        },
        {
          "HTTPVersion": "HTTP/1.1",
          "IP": "13.107.6.158",
          "IncludeInScript": false,
          "Name": "edge-http.microsoft.com",
          "Port": 80,
          "Requests": [
            {
              "CompressionType": "",
              "DataType": "",
              "DownloadTime": 203,
              "EventId": 2062,
              "HttpStatus": 204,
              "Size": 0,
              "URL": "http://edge-http.microsoft.com/captiveportal/generate_204"
            },
            {
              "CompressionType": "",
              "DataType": "",
              "DownloadTime": 625,
              "EventId": 1474,
              "HttpStatus": 204,
              "Size": 0,
              "URL": "http://edge-http.microsoft.com/captiveportal/generate_204"
            },
            {
              "CompressionType": "",
              "DataType": "",
              "DownloadTime": 453,
              "EventId": 1449,
              "HttpStatus": 204,
              "Size": 0,
              "URL": "http://edge-http.microsoft.com/captiveportal/generate_204"
            }
          ],
          "SSLCipher": "None",
          "SSLVersion": "None"
        }
      ],
      "IncludeInScript": true
    },
    {
      "DomainName": "bing.com",
      "Domains": [
        {
          "HTTPVersion": "HTTP/1.1",
          "IP": "23.65.124.99",
          "IncludeInScript": false,
          "Name": "www.bing.com",
          "Port": 443,
          "Requests": [
            {
              "CompressionType": "",
              "DataType": "application/json",
              "DownloadTime": 203,
              "EventId": 1660,
              "HttpStatus": 200,
              "Size": 854543,
              "URL": "https://www.bing.com/bloomfilterfiles/ExpandedDomainsFilterGlobal.json"
            }
          ],
          "SSLCipher": "TLS_AES_256_GCM_SHA384",
          "SSLVersion": "TLS1.3"
        }
      ],
      "IncludeInScript": true
    }
  ],
  "WebSocket": {
    "IncludeInScript": false,
    "IsScriptIncludeWebSocket": true
  },
  "NumberOfCorrelations": 1
}